location,latitude,longitude,pm2_5,pm10,no2,co,so2,o3,timestamp,temperature,humidity,wind_speed,wind_direction,hour,day
Visakhapatnam,17.6868,83.2185,26,56,22,127,6,44,2026-03-28 00:18:08.505515,33,76,9.34404848616778,59,0,28
Mumbai,19.076,72.8777,110,124,36,361,6,57,2026-03-28 00:18:08.506491,40,64,5.201638767122999,309,0,28
Delhi,28.7041,77.1025,96,86,21,110,13,40,2026-03-28 00:18:08.507876,20,54,7.606989358625768,272,0,28
Jammu and Kashmir,34.0837,74.7973,92,108,42,327,13,43,2026-03-28 00:18:08.509367,31,85,4.666335263350749,272,0,28
Hyderabad,17.385,78.4867,94,31,12,332,26,25,2026-03-28 00:18:08.511260,38,80,3.89326731761072,211,0,28
Bangalore,12.9716,77.5946,79,109,46,306,16,72,2026-03-28 00:18:08.512905,31,53,2.5654963350227984,210,0,28
Visakhapatnam,17.6868,83.2185,96,123,24,292,10,26,2026-03-28 01:18:08.505511,24,40,8.173192089657206,323,1,28
Mumbai,19.076,72.8777,49,101,22,391,5,50,2026-03-28 01:18:08.506487,22,85,3.722575821347737,83,1,28
Delhi,28.7041,77.1025,20,75,42,368,30,79,2026-03-28 01:18:08.507872,33,64,1.2762709676864683,46,1,28
Jammu and Kashmir,34.0837,74.7973,117,54,47,134,20,35,2026-03-28 01:18:08.509350,23,51,8.28387719970852,321,1,28
Hyderabad,17.385,78.4867,84,82,15,395,5,68,2026-03-28 01:18:08.511253,32,89,1.8045014057273088,74,1,28
Bangalore,12.9716,77.5946,91,96,37,120,25,12,2026-03-28 01:18:08.512899,35,62,4.60754471768228,293,1,28
Visakhapatnam,17.6868,83.2185,42,50,27,321,28,56,2026-03-28 02:18:08.505508,32,88,2.711553152130795,103,2,28
Mumbai,19.076,72.8777,63,30,7,222,19,36,2026-03-28 02:18:08.506484,34,62,3.7818974045477294,317,2,28
Delhi,28.7041,77.1025,120,122,8,313,13,37,2026-03-28 02:18:08.507869,36,85,3.361045235220896,356,2,28
Jammu and Kashmir,34.0837,74.7973,37,108,23,237,8,30,2026-03-28 02:18:08.509344,28,75,7.28637533287504,172,2,28
Hyderabad,17.385,78.4867,33,51,26,323,16,11,2026-03-28 02:18:08.511246,36,78,5.324234112297911,138,2,28
Bangalore,12.9716,77.5946,52,87,38,310,6,41,2026-03-28 02:18:08.512892,36,89,3.702830876541201,338,2,28
Visakhapatnam,17.6868,83.2185,57,30,16,131,29,49,2026-03-28 03:18:08.505504,21,73,4.467004230491721,57,3,28
Mumbai,19.076,72.8777,86,86,35,231,15,35,2026-03-28 03:18:08.506480,30,67,5.1269710000573365,266,3,28
Delhi,28.7041,77.1025,43,124,35,256,14,42,2026-03-28 03:18:08.507865,26,49,4.602665065733467,183,3,28
Jammu and Kashmir,34.0837,74.7973,51,64,22,104,17,13,2026-03-28 03:18:08.509335,33,74,8.830065202497691,161,3,28
Hyderabad,17.385,78.4867,106,125,33,282,23,13,2026-03-28 03:18:08.511237,37,51,7.64098083101945,103,3,28
Bangalore,12.9716,77.5946,56,40,29,219,12,61,2026-03-28 03:18:08.512885,22,44,9.10707337574886,225,3,28
Visakhapatnam,17.6868,83.2185,25,34,46,203,6,63,2026-03-28 04:18:08.505497,38,66,7.52406188742526,313,4,28
Mumbai,19.076,72.8777,96,58,29,142,25,60,2026-03-28 04:18:08.506477,28,49,1.085247283917408,308,4,28
Delhi,28.7041,77.1025,20,122,27,128,18,12,2026-03-28 04:18:08.507862,34,76,1.2234822598826662,226,4,28
Jammu and Kashmir,34.0837,74.7973,114,103,32,106,20,42,2026-03-28 04:18:08.509329,40,41,5.997329765238103,178,4,28
Hyderabad,17.385,78.4867,88,146,15,117,30,71,2026-03-28 04:18:08.511230,21,51,3.2946350013330346,113,4,28
Bangalore,12.9716,77.5946,62,127,20,390,8,32,2026-03-28 04:18:08.512878,28,51,7.828469924935058,71,4,28
Visakhapatnam,17.6868,83.2185,92,93,40,200,30,69,2026-03-28 05:18:08.505493,34,77,5.6484628598398,1,5,28
Mumbai,19.076,72.8777,102,44,23,327,29,23,2026-03-28 05:18:08.506473,40,52,1.2778720478849994,152,5,28
Delhi,28.7041,77.1025,91,77,48,172,6,26,2026-03-28 05:18:08.507859,22,44,6.566598871224399,233,5,28
Jammu and Kashmir,34.0837,74.7973,81,48,30,358,7,35,2026-03-28 05:18:08.509323,36,43,9.864512434736714,3,5,28
Hyderabad,17.385,78.4867,61,78,27,322,27,52,2026-03-28 05:18:08.511224,24,86,7.756812374419447,137,5,28
Bangalore,12.9716,77.5946,56,80,47,144,19,60,2026-03-28 05:18:08.512872,25,45,2.2951587501680986,283,5,28
Visakhapatnam,17.6868,83.2185,58,73,24,216,21,14,2026-03-28 06:18:08.505490,36,84,9.198010604669056,101,6,28
Mumbai,19.076,72.8777,88,35,32,168,19,60,2026-03-28 06:18:08.506470,27,51,6.275443672579559,63,6,28
Delhi,28.7041,77.1025,110,107,33,386,9,41,2026-03-28 06:18:08.507855,39,41,8.32435172244854,222,6,28
Jammu and Kashmir,34.0837,74.7973,99,51,42,371,2,74,2026-03-28 06:18:08.509316,33,42,1.9734976121391183,255,6,28
Hyderabad,17.385,78.4867,76,114,40,188,28,69,2026-03-28 06:18:08.511218,31,88,6.261805243658268,217,6,28
Bangalore,12.9716,77.5946,32,49,16,148,23,13,2026-03-28 06:18:08.512865,37,80,4.311413052036484,296,6,28
Visakhapatnam,17.6868,83.2185,24,133,15,310,5,58,2026-03-28 07:18:08.505486,24,64,9.201496736583383,124,7,28
Mumbai,19.076,72.8777,32,141,27,202,5,58,2026-03-28 07:18:08.506466,38,65,7.2960000674392145,120,7,28
Delhi,28.7041,77.1025,76,124,48,345,23,10,2026-03-28 07:18:08.507852,26,67,6.805851642758966,72,7,28
Jammu and Kashmir,34.0837,74.7973,106,51,28,120,11,46,2026-03-28 07:18:08.509309,27,71,2.829155826094163,203,7,28
Hyderabad,17.385,78.4867,97,73,42,362,8,49,2026-03-28 07:18:08.511212,20,49,5.734242814129183,197,7,28
Bangalore,12.9716,77.5946,106,44,5,264,26,40,2026-03-28 07:18:08.512858,20,71,7.506713964390699,216,7,28
Visakhapatnam,17.6868,83.2185,46,47,43,196,12,18,2026-03-28 08:18:08.505482,22,54,6.05409883301755,144,8,28
Mumbai,19.076,72.8777,70,47,35,192,19,78,2026-03-28 08:18:08.506463,27,74,8.743107839926207,301,8,28
Delhi,28.7041,77.1025,106,68,41,258,21,39,2026-03-28 08:18:08.507848,40,68,9.819548810630115,203,8,28
Jammu and Kashmir,34.0837,74.7973,117,45,26,107,8,65,2026-03-28 08:18:08.509303,29,48,1.7854354274699011,152,8,28
Hyderabad,17.385,78.4867,41,42,47,260,18,13,2026-03-28 08:18:08.511206,24,64,7.105977398921911,218,8,28
Bangalore,12.9716,77.5946,101,61,45,204,3,10,2026-03-28 08:18:08.512851,26,90,7.081227359105518,108,8,28
Visakhapatnam,17.6868,83.2185,108,118,28,183,5,36,2026-03-28 09:18:08.505479,25,47,2.0197594311256983,249,9,28
Mumbai,19.076,72.8777,57,134,32,393,6,37,2026-03-28 09:18:08.506458,23,44,8.98446207122738,165,9,28
Delhi,28.7041,77.1025,45,143,45,301,3,11,2026-03-28 09:18:08.507845,27,43,5.657699848372879,312,9,28
Jammu and Kashmir,34.0837,74.7973,97,70,22,163,18,65,2026-03-28 09:18:08.509296,33,40,2.9797048374660875,121,9,28
Hyderabad,17.385,78.4867,72,134,19,290,10,23,2026-03-28 09:18:08.511198,25,69,6.790539365854045,104,9,28
Bangalore,12.9716,77.5946,22,107,49,178,8,76,2026-03-28 09:18:08.512844,24,85,1.576774215449489,11,9,28
Visakhapatnam,17.6868,83.2185,20,129,17,199,5,18,2026-03-28 10:18:08.505476,24,68,1.1949625696607271,283,10,28
Mumbai,19.076,72.8777,28,112,39,301,13,53,2026-03-28 10:18:08.506451,32,45,1.859948738617223,117,10,28
Delhi,28.7041,77.1025,74,130,27,329,6,35,2026-03-28 10:18:08.507842,38,63,2.078019049840651,75,10,28
Jammu and Kashmir,34.0837,74.7973,49,90,18,292,9,79,2026-03-28 10:18:08.509290,35,57,5.851473857997877,196,10,28
Hyderabad,17.385,78.4867,86,115,47,135,11,64,2026-03-28 10:18:08.511192,37,44,6.711525059221092,181,10,28
Bangalore,12.9716,77.5946,67,68,43,362,7,28,2026-03-28 10:18:08.512838,26,85,4.164771727606544,241,10,28
Visakhapatnam,17.6868,83.2185,87,82,10,329,13,55,2026-03-28 11:18:08.505472,24,63,3.044055639805971,294,11,28
Mumbai,19.076,72.8777,31,135,12,118,13,20,2026-03-28 11:18:08.506445,36,41,9.928772163310391,76,11,28
Delhi,28.7041,77.1025,64,128,16,394,16,29,2026-03-28 11:18:08.507838,27,72,5.295424444741638,353,11,28
Jammu and Kashmir,34.0837,74.7973,112,33,5,129,30,76,2026-03-28 11:18:08.509283,36,74,4.47978246108841,281,11,28
Hyderabad,17.385,78.4867,52,76,32,110,24,13,2026-03-28 11:18:08.511185,22,58,1.484021200206123,142,11,28
Bangalore,12.9716,77.5946,65,64,25,248,17,73,2026-03-28 11:18:08.512829,35,40,1.3191947200576457,149,11,28
Visakhapatnam,17.6868,83.2185,42,32,16,275,9,69,2026-03-28 12:18:08.505468,33,66,3.1240691215561185,319,12,28
Mumbai,19.076,72.8777,31,145,8,257,22,30,2026-03-28 12:18:08.506439,30,41,6.972801527881731,33,12,28
Delhi,28.7041,77.1025,64,74,29,305,8,23,2026-03-28 12:18:08.507834,27,66,4.545522616055195,237,12,28
Jammu and Kashmir,34.0837,74.7973,115,32,49,158,23,27,2026-03-28 12:18:08.509276,37,66,6.111614721092417,137,12,28
Hyderabad,17.385,78.4867,65,128,41,264,29,76,2026-03-28 12:18:08.511179,20,63,4.772468779676151,280,12,28
Bangalore,12.9716,77.5946,102,91,33,329,3,37,2026-03-28 12:18:08.512822,31,52,6.462096619657772,104,12,28
Visakhapatnam,17.6868,83.2185,103,147,30,164,15,45,2026-03-28 13:18:08.505465,22,62,1.712875488291743,308,13,28
Mumbai,19.076,72.8777,61,115,10,263,3,58,2026-03-28 13:18:08.506434,39,70,4.743578234835894,224,13,28
Delhi,28.7041,77.1025,21,127,49,153,21,71,2026-03-28 13:18:08.507831,21,50,2.873969937409917,116,13,28
Jammu and Kashmir,34.0837,74.7973,113,135,18,203,30,10,2026-03-28 13:18:08.509270,32,45,6.569807572304864,2,13,28
Hyderabad,17.385,78.4867,53,147,48,111,10,71,2026-03-28 13:18:08.511172,27,72,6.290574713718299,259,13,28
Bangalore,12.9716,77.5946,113,126,6,184,24,74,2026-03-28 13:18:08.512816,38,61,4.15922361365582,339,13,28
Visakhapatnam,17.6868,83.2185,87,128,11,239,7,47,2026-03-28 14:18:08.505461,31,45,2.175140257850128,290,14,28
Mumbai,19.076,72.8777,62,103,16,244,30,52,2026-03-28 14:18:08.506431,21,56,8.288999229734868,133,14,28
Delhi,28.7041,77.1025,40,44,16,151,9,38,2026-03-28 14:18:08.507828,22,83,4.932067864212787,302,14,28
Jammu and Kashmir,34.0837,74.7973,86,41,25,232,4,11,2026-03-28 14:18:08.509263,20,47,9.577746769816518,17,14,28
Hyderabad,17.385,78.4867,98,141,24,161,11,70,2026-03-28 14:18:08.511165,25,64,7.093731934173084,349,14,28
Bangalore,12.9716,77.5946,53,60,40,385,12,11,2026-03-28 14:18:08.512809,39,66,2.7381973477805253,51,14,28
Visakhapatnam,17.6868,83.2185,48,72,11,100,30,42,2026-03-28 15:18:08.505458,27,56,1.019928999382286,56,15,28
Mumbai,19.076,72.8777,115,87,41,330,8,31,2026-03-28 15:18:08.506427,35,85,9.157005972204024,112,15,28
Delhi,28.7041,77.1025,45,113,18,285,28,69,2026-03-28 15:18:08.507824,35,66,2.749978351987385,251,15,28
Jammu and Kashmir,34.0837,74.7973,94,42,13,317,24,63,2026-03-28 15:18:08.509257,39,69,4.736219552795677,66,15,28
Hyderabad,17.385,78.4867,92,87,48,170,18,75,2026-03-28 15:18:08.511158,21,53,5.167083903168819,108,15,28
Bangalore,12.9716,77.5946,100,83,45,156,23,72,2026-03-28 15:18:08.512801,39,89,2.4791415841319924,7,15,28
Visakhapatnam,17.6868,83.2185,36,37,5,230,28,66,2026-03-28 16:18:08.505452,35,51,1.5348766991105391,273,16,28
Mumbai,19.076,72.8777,23,83,26,216,19,56,2026-03-28 16:18:08.506423,26,86,2.55035547664165,333,16,28
Delhi,28.7041,77.1025,99,116,30,161,27,62,2026-03-28 16:18:08.507819,23,72,6.582459691240512,100,16,28
Jammu and Kashmir,34.0837,74.7973,49,40,49,285,8,29,2026-03-28 16:18:08.509250,35,76,1.8717334794200384,291,16,28
Hyderabad,17.385,78.4867,96,69,22,217,11,44,2026-03-28 16:18:08.511152,26,47,4.466924893032186,221,16,28
Bangalore,12.9716,77.5946,43,122,42,328,16,60,2026-03-28 16:18:08.512796,29,51,2.407785368028546,75,16,28
Visakhapatnam,17.6868,83.2185,92,32,41,247,10,59,2026-03-28 17:18:08.505446,26,77,5.2092829072247815,267,17,28
Mumbai,19.076,72.8777,38,40,10,256,23,69,2026-03-28 17:18:08.506420,40,90,5.094161770402222,110,17,28
Delhi,28.7041,77.1025,72,57,44,228,8,35,2026-03-28 17:18:08.507816,34,75,4.962846806266057,80,17,28
Jammu and Kashmir,34.0837,74.7973,51,119,29,367,23,29,2026-03-28 17:18:08.509244,28,88,3.2977551762311146,353,17,28
Hyderabad,17.385,78.4867,33,101,49,221,25,66,2026-03-28 17:18:08.511145,35,72,4.012540463186537,184,17,28
Bangalore,12.9716,77.5946,93,82,14,377,7,54,2026-03-28 17:18:08.512789,31,53,9.88715552530386,121,17,28
Visakhapatnam,17.6868,83.2185,102,109,28,337,26,51,2026-03-28 18:18:08.505440,26,62,4.816129631238656,210,18,28
Mumbai,19.076,72.8777,65,58,18,255,25,17,2026-03-28 18:18:08.506417,25,52,3.752338598403498,346,18,28
Delhi,28.7041,77.1025,105,89,5,325,18,10,2026-03-28 18:18:08.507812,32,57,7.278073674987633,87,18,28
Jammu and Kashmir,34.0837,74.7973,67,119,13,311,10,74,2026-03-28 18:18:08.509227,23,65,3.7927774095456983,41,18,28
Hyderabad,17.385,78.4867,27,128,48,367,30,33,2026-03-28 18:18:08.511138,20,89,2.089651657189921,282,18,28
Bangalore,12.9716,77.5946,20,148,34,195,20,57,2026-03-28 18:18:08.512783,40,46,9.419892274104289,357,18,28
Visakhapatnam,17.6868,83.2185,116,63,29,313,2,19,2026-03-28 19:18:08.505435,28,81,7.047676760455232,294,19,28
Mumbai,19.076,72.8777,36,143,15,170,26,21,2026-03-28 19:18:08.506413,37,57,6.379328587368642,78,19,28
Delhi,28.7041,77.1025,65,106,15,100,26,64,2026-03-28 19:18:08.507808,34,46,2.7944656765482625,307,19,28
Jammu and Kashmir,34.0837,74.7973,27,61,31,354,16,50,2026-03-28 19:18:08.509156,32,65,9.814276379320392,233,19,28
Hyderabad,17.385,78.4867,37,99,25,217,22,13,2026-03-28 19:18:08.511131,23,81,6.646576111905013,39,19,28
Bangalore,12.9716,77.5946,30,33,41,352,7,41,2026-03-28 19:18:08.512777,40,55,5.161343836844642,34,19,28
Visakhapatnam,17.6868,83.2185,108,43,18,180,14,70,2026-03-28 20:18:08.505430,26,90,4.3915149893338405,32,20,28
Mumbai,19.076,72.8777,64,91,15,348,16,46,2026-03-28 20:18:08.506410,31,61,1.456656281648901,86,20,28
Delhi,28.7041,77.1025,117,38,18,278,14,52,2026-03-28 20:18:08.507803,38,78,7.768545699016453,277,20,28
Jammu and Kashmir,34.0837,74.7973,90,143,34,170,30,41,2026-03-28 20:18:08.509150,20,82,8.058357408042719,229,20,28
Hyderabad,17.385,78.4867,98,145,49,138,4,12,2026-03-28 20:18:08.511124,31,58,2.822096983790863,357,20,28
Bangalore,12.9716,77.5946,68,113,31,212,7,78,2026-03-28 20:18:08.512771,32,65,4.233376882244952,40,20,28
Visakhapatnam,17.6868,83.2185,77,96,48,342,5,71,2026-03-28 21:18:08.505427,25,52,8.77310497032896,225,21,28
Mumbai,19.076,72.8777,105,71,24,149,25,12,2026-03-28 21:18:08.506406,28,64,3.961958539026072,84,21,28
Delhi,28.7041,77.1025,59,72,41,210,16,10,2026-03-28 21:18:08.507797,26,44,3.2030350324477954,3,21,28
Jammu and Kashmir,34.0837,74.7973,120,46,42,327,18,19,2026-03-28 21:18:08.509145,36,79,4.817034265483195,117,21,28
Hyderabad,17.385,78.4867,55,39,43,223,18,64,2026-03-28 21:18:08.511118,26,50,2.90591863166499,239,21,28
Bangalore,12.9716,77.5946,73,61,25,111,13,71,2026-03-28 21:18:08.512765,38,84,1.718670643815126,140,21,28
Visakhapatnam,17.6868,83.2185,81,123,46,325,23,21,2026-03-28 22:18:08.505424,31,42,7.418791017601801,164,22,28
Mumbai,19.076,72.8777,108,87,28,379,22,39,2026-03-28 22:18:08.506403,34,51,8.16978107526882,130,22,28
Delhi,28.7041,77.1025,61,68,29,365,6,29,2026-03-28 22:18:08.507792,30,74,8.698858721951062,318,22,28
Jammu and Kashmir,34.0837,74.7973,40,38,27,399,10,45,2026-03-28 22:18:08.509137,30,71,4.19308396198478,46,22,28
Hyderabad,17.385,78.4867,88,44,47,189,30,13,2026-03-28 22:18:08.511110,31,50,5.961519996165707,106,22,28
Bangalore,12.9716,77.5946,112,101,31,359,11,72,2026-03-28 22:18:08.512758,32,66,9.928429293278574,281,22,28
Visakhapatnam,17.6868,83.2185,81,93,34,381,9,49,2026-03-28 23:18:08.505420,24,40,9.798118957309349,169,23,28
Mumbai,19.076,72.8777,83,109,7,271,16,32,2026-03-28 23:18:08.506399,24,73,5.579617077701745,153,23,28
Delhi,28.7041,77.1025,108,150,5,167,24,69,2026-03-28 23:18:08.507787,30,71,1.5016877828432351,291,23,28
Jammu and Kashmir,34.0837,74.7973,108,137,14,172,27,28,2026-03-28 23:18:08.509131,23,82,7.731486650707602,55,23,28
Hyderabad,17.385,78.4867,104,83,14,349,6,59,2026-03-28 23:18:08.511104,37,47,9.541889773286542,317,23,28
Bangalore,12.9716,77.5946,81,150,17,389,18,21,2026-03-28 23:18:08.512750,39,68,7.795507335799216,198,23,28
Visakhapatnam,17.6868,83.2185,73,58,19,276,23,52,2026-03-29 00:18:08.505416,21,45,1.8741262193294663,71,0,29
Mumbai,19.076,72.8777,101,62,31,275,30,28,2026-03-29 00:18:08.506395,26,87,8.532368022455753,219,0,29
Delhi,28.7041,77.1025,78,49,34,245,25,58,2026-03-29 00:18:08.507784,36,54,9.436200826090271,47,0,29
Jammu and Kashmir,34.0837,74.7973,55,55,45,291,30,79,2026-03-29 00:18:08.509126,26,84,8.204358865126965,108,0,29
Hyderabad,17.385,78.4867,79,136,36,355,11,15,2026-03-29 00:18:08.511097,30,42,5.572402658468068,195,0,29
Bangalore,12.9716,77.5946,50,94,37,310,23,56,2026-03-29 00:18:08.512743,25,70,4.220654950042142,87,0,29
Visakhapatnam,17.6868,83.2185,91,51,45,206,2,65,2026-03-29 01:18:08.505413,27,63,2.6741613291655653,350,1,29
Mumbai,19.076,72.8777,111,82,16,335,6,50,2026-03-29 01:18:08.506392,23,73,2.64434627154442,124,1,29
Delhi,28.7041,77.1025,41,37,42,383,5,20,2026-03-29 01:18:08.507781,30,48,4.515809037063662,281,1,29
Jammu and Kashmir,34.0837,74.7973,104,97,23,392,29,45,2026-03-29 01:18:08.509121,23,63,8.774057613122148,135,1,29
Hyderabad,17.385,78.4867,22,117,23,151,8,36,2026-03-29 01:18:08.511091,24,75,4.768180987412471,216,1,29
Bangalore,12.9716,77.5946,60,96,32,380,4,68,2026-03-29 01:18:08.512737,28,64,4.855267115398162,64,1,29
Visakhapatnam,17.6868,83.2185,93,57,14,298,24,58,2026-03-29 02:18:08.505409,30,40,8.443503261935874,314,2,29
Mumbai,19.076,72.8777,25,119,43,273,20,13,2026-03-29 02:18:08.506388,37,41,9.343269799251916,165,2,29
Delhi,28.7041,77.1025,101,110,6,271,7,57,2026-03-29 02:18:08.507777,23,47,7.196131937330239,28,2,29
Jammu and Kashmir,34.0837,74.7973,34,135,50,297,27,60,2026-03-29 02:18:08.509114,35,76,6.950483365764292,171,2,29
Hyderabad,17.385,78.4867,57,43,45,160,26,50,2026-03-29 02:18:08.511082,31,74,8.039623843964439,144,2,29
Bangalore,12.9716,77.5946,116,44,24,208,8,75,2026-03-29 02:18:08.512730,31,88,7.368649885273613,246,2,29
Visakhapatnam,17.6868,83.2185,62,123,44,380,26,65,2026-03-29 03:18:08.505406,40,46,7.017413228744815,146,3,29
Mumbai,19.076,72.8777,48,123,38,107,18,74,2026-03-29 03:18:08.506385,21,73,6.445533299514953,63,3,29
Delhi,28.7041,77.1025,54,52,18,216,11,52,2026-03-29 03:18:08.507774,24,64,4.0306250781502255,294,3,29
Jammu and Kashmir,34.0837,74.7973,118,67,7,199,4,60,2026-03-29 03:18:08.509109,34,42,7.699390930323788,360,3,29
Hyderabad,17.385,78.4867,72,105,19,299,3,17,2026-03-29 03:18:08.511076,31,41,8.90306615724111,39,3,29
Bangalore,12.9716,77.5946,59,50,24,162,24,70,2026-03-29 03:18:08.512724,26,77,4.837126649650597,174,3,29
Visakhapatnam,17.6868,83.2185,55,142,35,149,15,71,2026-03-29 04:18:08.505403,27,79,3.295478177461425,2,4,29
Mumbai,19.076,72.8777,107,127,21,264,11,57,2026-03-29 04:18:08.506380,20,44,9.236377659817148,159,4,29
Delhi,28.7041,77.1025,85,102,33,183,18,49,2026-03-29 04:18:08.507770,32,55,2.345924167145706,31,4,29
Jammu and Kashmir,34.0837,74.7973,99,120,7,355,11,12,2026-03-29 04:18:08.509104,37,81,9.200810262562838,285,4,29
Hyderabad,17.385,78.4867,22,138,48,235,4,52,2026-03-29 04:18:08.511068,26,61,1.652320906561075,192,4,29
Bangalore,12.9716,77.5946,71,34,25,203,19,32,2026-03-29 04:18:08.512717,31,63,8.93210719624371,206,4,29
Visakhapatnam,17.6868,83.2185,27,32,20,380,29,20,2026-03-29 05:18:08.505399,37,51,9.466685135625786,328,5,29
Mumbai,19.076,72.8777,45,147,41,121,7,75,2026-03-29 05:18:08.506376,28,73,8.703178187012245,171,5,29
Delhi,28.7041,77.1025,20,46,43,127,24,59,2026-03-29 05:18:08.507767,30,88,6.37439778163184,46,5,29
Jammu and Kashmir,34.0837,74.7973,25,37,11,267,3,23,2026-03-29 05:18:08.509098,40,66,2.024704093180266,159,5,29
Hyderabad,17.385,78.4867,108,98,16,103,28,45,2026-03-29 05:18:08.511061,34,60,2.4345000019822485,257,5,29
Bangalore,12.9716,77.5946,69,136,6,243,12,51,2026-03-29 05:18:08.512710,28,50,1.3429424414300175,39,5,29
Visakhapatnam,17.6868,83.2185,76,48,48,217,12,44,2026-03-29 06:18:08.505396,36,56,4.943000354813624,18,6,29
Mumbai,19.076,72.8777,32,143,14,340,3,76,2026-03-29 06:18:08.506371,22,76,2.4501351107696454,278,6,29
Delhi,28.7041,77.1025,32,140,33,375,26,53,2026-03-29 06:18:08.507763,35,59,1.8605073721532288,295,6,29
Jammu and Kashmir,34.0837,74.7973,113,96,38,257,26,42,2026-03-29 06:18:08.509086,22,62,9.983512017265287,83,6,29
Hyderabad,17.385,78.4867,84,95,7,220,15,50,2026-03-29 06:18:08.511056,20,77,8.952785811257307,192,6,29
Bangalore,12.9716,77.5946,39,113,11,385,27,14,2026-03-29 06:18:08.512704,28,69,6.454799006922251,311,6,29
Visakhapatnam,17.6868,83.2185,111,80,29,291,26,12,2026-03-29 07:18:08.505392,30,51,2.25196839443532,288,7,29
Mumbai,19.076,72.8777,82,135,8,273,29,54,2026-03-29 07:18:08.506368,20,74,8.927727235688987,262,7,29
Delhi,28.7041,77.1025,26,120,23,198,30,64,2026-03-29 07:18:08.507760,26,89,9.983216618015136,40,7,29
Jammu and Kashmir,34.0837,74.7973,119,96,10,270,25,28,2026-03-29 07:18:08.508848,22,65,3.667402621954753,132,7,29
Hyderabad,17.385,78.4867,27,71,12,111,22,56,2026-03-29 07:18:08.511051,24,77,4.633046331195159,295,7,29
Bangalore,12.9716,77.5946,112,86,36,349,12,22,2026-03-29 07:18:08.512697,29,52,3.0786075355120515,281,7,29
Visakhapatnam,17.6868,83.2185,59,67,10,217,29,71,2026-03-29 08:18:08.505389,34,56,7.1274249792222655,107,8,29
Mumbai,19.076,72.8777,74,40,15,247,14,52,2026-03-29 08:18:08.506365,20,50,8.840025430766865,286,8,29
Delhi,28.7041,77.1025,113,142,5,188,14,48,2026-03-29 08:18:08.507756,40,89,5.292308057618708,204,8,29
Jammu and Kashmir,34.0837,74.7973,66,143,37,112,24,27,2026-03-29 08:18:08.508843,21,76,9.487870823938458,15,8,29
Hyderabad,17.385,78.4867,114,83,23,128,28,22,2026-03-29 08:18:08.511047,31,54,1.4075774707539097,92,8,29
Bangalore,12.9716,77.5946,38,128,15,380,19,58,2026-03-29 08:18:08.512690,40,73,7.485184862129241,113,8,29
Visakhapatnam,17.6868,83.2185,41,120,36,325,19,68,2026-03-29 09:18:08.505385,25,81,7.900641168801346,71,9,29
Mumbai,19.076,72.8777,25,141,17,362,4,76,2026-03-29 09:18:08.506361,26,70,3.9008101732981686,287,9,29
Delhi,28.7041,77.1025,85,54,48,250,3,14,2026-03-29 09:18:08.507753,35,50,4.360881477642227,179,9,29
Jammu and Kashmir,34.0837,74.7973,54,119,15,156,6,67,2026-03-29 09:18:08.508837,21,71,5.062571361606982,167,9,29
Hyderabad,17.385,78.4867,37,125,13,202,15,71,2026-03-29 09:18:08.511041,34,50,3.17276843435486,356,9,29
Bangalore,12.9716,77.5946,38,62,29,262,9,19,2026-03-29 09:18:08.512683,33,76,2.6866435462595373,259,9,29
Visakhapatnam,17.6868,83.2185,28,47,8,347,11,71,2026-03-29 10:18:08.505382,38,50,5.965371994599257,109,10,29
Mumbai,19.076,72.8777,103,134,21,364,27,70,2026-03-29 10:18:08.506356,35,52,6.792885114055653,84,10,29
Delhi,28.7041,77.1025,51,148,8,173,21,79,2026-03-29 10:18:08.507749,27,41,9.072786253947188,122,10,29
Jammu and Kashmir,34.0837,74.7973,120,110,50,371,16,53,2026-03-29 10:18:08.508830,27,81,8.528706276852144,270,10,29
Hyderabad,17.385,78.4867,114,55,39,277,22,42,2026-03-29 10:18:08.511035,27,62,5.174958935348778,142,10,29
Bangalore,12.9716,77.5946,74,116,17,201,22,50,2026-03-29 10:18:08.512666,23,69,9.769986126219658,65,10,29
Visakhapatnam,17.6868,83.2185,80,71,35,264,10,62,2026-03-29 11:18:08.505379,27,88,7.443958786800888,234,11,29
Mumbai,19.076,72.8777,53,145,39,374,13,16,2026-03-29 11:18:08.506350,32,56,5.87840090516033,212,11,29
Delhi,28.7041,77.1025,106,127,36,373,21,34,2026-03-29 11:18:08.507746,31,57,5.073061857786978,204,11,29
Jammu and Kashmir,34.0837,74.7973,105,69,33,317,21,14,2026-03-29 11:18:08.508824,37,76,8.149228656075032,294,11,29
Hyderabad,17.385,78.4867,49,61,37,309,3,41,2026-03-29 11:18:08.511028,36,74,8.823446749785358,97,11,29
Bangalore,12.9716,77.5946,66,54,26,367,14,18,2026-03-29 11:18:08.512656,27,68,9.054343536671158,97,11,29
Visakhapatnam,17.6868,83.2185,96,118,38,369,21,31,2026-03-29 12:18:08.505375,40,86,8.200934733198867,110,12,29
Mumbai,19.076,72.8777,61,107,21,255,23,77,2026-03-29 12:18:08.506344,38,46,1.9742104136364225,211,12,29
Delhi,28.7041,77.1025,53,130,46,333,29,62,2026-03-29 12:18:08.507741,27,64,8.0631034559988,300,12,29
Jammu and Kashmir,34.0837,74.7973,28,35,7,281,30,61,2026-03-29 12:18:08.508817,29,89,2.7230759890995606,266,12,29
Hyderabad,17.385,78.4867,23,93,35,166,23,38,2026-03-29 12:18:08.511021,31,84,5.693922491242732,165,12,29
Bangalore,12.9716,77.5946,103,97,13,202,9,44,2026-03-29 12:18:08.512650,39,82,7.100914860184797,339,12,29
Visakhapatnam,17.6868,83.2185,24,69,49,297,23,50,2026-03-29 13:18:08.505372,25,53,6.1002556385472415,155,13,29
Mumbai,19.076,72.8777,23,138,41,244,20,10,2026-03-29 13:18:08.506338,30,44,3.732481091829402,139,13,29
Delhi,28.7041,77.1025,91,70,6,305,28,41,2026-03-29 13:18:08.507737,31,63,4.804628567149247,268,13,29
Jammu and Kashmir,34.0837,74.7973,111,62,22,276,23,76,2026-03-29 13:18:08.508810,23,54,4.938929349689662,248,13,29
Hyderabad,17.385,78.4867,39,76,32,222,15,76,2026-03-29 13:18:08.511014,36,75,6.719455078447384,153,13,29
Bangalore,12.9716,77.5946,69,99,19,335,25,17,2026-03-29 13:18:08.512644,25,75,4.584892627071373,321,13,29
Visakhapatnam,17.6868,83.2185,109,110,37,322,6,66,2026-03-29 14:18:08.505368,27,72,2.791432937631832,344,14,29
Mumbai,19.076,72.8777,34,82,39,288,7,52,2026-03-29 14:18:08.506334,39,41,8.920120636090736,325,14,29
Delhi,28.7041,77.1025,29,94,48,170,12,61,2026-03-29 14:18:08.507734,39,84,7.47267975358772,248,14,29
Jammu and Kashmir,34.0837,74.7973,22,72,35,185,28,15,2026-03-29 14:18:08.508803,30,85,1.150102753791413,41,14,29
Hyderabad,17.385,78.4867,67,32,25,285,11,61,2026-03-29 14:18:08.511008,27,56,8.116155148652823,184,14,29
Bangalore,12.9716,77.5946,31,133,17,111,8,35,2026-03-29 14:18:08.512638,35,85,3.473192479166688,109,14,29
Visakhapatnam,17.6868,83.2185,62,148,21,295,16,60,2026-03-29 15:18:08.505364,20,85,8.5920211160396,342,15,29
Mumbai,19.076,72.8777,70,73,23,297,18,70,2026-03-29 15:18:08.506330,37,48,4.245547036750882,122,15,29
Delhi,28.7041,77.1025,85,63,17,182,10,35,2026-03-29 15:18:08.507730,33,46,2.949355757241686,95,15,29
Jammu and Kashmir,34.0837,74.7973,108,50,17,385,24,80,2026-03-29 15:18:08.508796,27,59,5.50984980646895,29,15,29
Hyderabad,17.385,78.4867,40,82,46,375,9,65,2026-03-29 15:18:08.511001,36,45,1.462324223560031,304,15,29
Bangalore,12.9716,77.5946,118,107,25,210,26,46,2026-03-29 15:18:08.512632,35,77,7.372828396708108,277,15,29
Visakhapatnam,17.6868,83.2185,83,142,50,299,6,51,2026-03-29 16:18:08.505361,40,58,3.575773650829852,42,16,29
Mumbai,19.076,72.8777,28,81,21,162,2,18,2026-03-29 16:18:08.506327,37,56,3.8978427229519,219,16,29
Delhi,28.7041,77.1025,61,78,15,196,28,73,2026-03-29 16:18:08.507726,38,50,9.746232912201355,123,16,29
Jammu and Kashmir,34.0837,74.7973,112,139,12,230,10,38,2026-03-29 16:18:08.508787,38,76,6.261221781239093,260,16,29
Hyderabad,17.385,78.4867,34,60,39,303,9,11,2026-03-29 16:18:08.510995,29,49,4.955950925864784,298,16,29
Bangalore,12.9716,77.5946,42,38,25,126,11,38,2026-03-29 16:18:08.512626,29,68,6.802933805799669,304,16,29
Visakhapatnam,17.6868,83.2185,86,141,48,391,20,33,2026-03-29 17:18:08.505357,29,74,9.413650543345051,30,17,29
Mumbai,19.076,72.8777,102,46,20,398,13,32,2026-03-29 17:18:08.506323,22,83,7.587733571171897,324,17,29
Delhi,28.7041,77.1025,49,132,34,293,21,24,2026-03-29 17:18:08.507723,30,65,7.503698960387753,124,17,29
Jammu and Kashmir,34.0837,74.7973,83,105,12,320,26,17,2026-03-29 17:18:08.508780,34,79,1.3514248678886982,355,17,29
Hyderabad,17.385,78.4867,101,79,9,290,27,53,2026-03-29 17:18:08.510988,27,82,1.4099099653853784,120,17,29
Bangalore,12.9716,77.5946,79,74,16,365,29,11,2026-03-29 17:18:08.512619,34,58,4.9479605864856495,98,17,29
Visakhapatnam,17.6868,83.2185,33,35,8,231,19,33,2026-03-29 18:18:08.505351,32,72,5.384343577506472,239,18,29
Mumbai,19.076,72.8777,93,57,9,207,22,19,2026-03-29 18:18:08.506320,40,67,6.041682514360336,144,18,29
Delhi,28.7041,77.1025,45,130,35,185,17,60,2026-03-29 18:18:08.507719,37,53,3.243332888385399,26,18,29
Jammu and Kashmir,34.0837,74.7973,80,54,34,154,22,25,2026-03-29 18:18:08.508769,31,57,3.8729227028663287,349,18,29
Hyderabad,17.385,78.4867,26,33,38,370,19,39,2026-03-29 18:18:08.510981,25,56,7.014172050239262,315,18,29
Bangalore,12.9716,77.5946,88,55,49,237,6,47,2026-03-29 18:18:08.512613,33,82,4.7639488182202925,141,18,29
Visakhapatnam,17.6868,83.2185,103,106,37,265,25,46,2026-03-29 19:18:08.505345,20,51,3.104745511792534,140,19,29
Mumbai,19.076,72.8777,49,122,46,116,21,14,2026-03-29 19:18:08.506316,21,82,5.641227772461713,326,19,29
Delhi,28.7041,77.1025,94,48,16,369,12,26,2026-03-29 19:18:08.507715,23,43,8.972495568690922,201,19,29
Jammu and Kashmir,34.0837,74.7973,65,100,23,392,2,29,2026-03-29 19:18:08.508762,22,40,7.427756615929938,39,19,29
Hyderabad,17.385,78.4867,99,116,43,391,25,45,2026-03-29 19:18:08.510974,26,85,5.681610351419187,148,19,29
Bangalore,12.9716,77.5946,38,103,27,241,8,55,2026-03-29 19:18:08.512607,39,76,5.176927463652417,38,19,29
Visakhapatnam,17.6868,83.2185,39,104,26,216,5,41,2026-03-29 20:18:08.505339,31,51,5.306334610310365,278,20,29
Mumbai,19.076,72.8777,24,31,39,291,10,24,2026-03-29 20:18:08.506313,38,68,3.506123846130802,46,20,29
Delhi,28.7041,77.1025,110,62,35,126,2,65,2026-03-29 20:18:08.507712,29,47,1.171767074851167,163,20,29
Jammu and Kashmir,34.0837,74.7973,75,61,38,139,18,73,2026-03-29 20:18:08.508756,39,62,4.466244569675629,111,20,29
Hyderabad,17.385,78.4867,35,129,22,363,23,21,2026-03-29 20:18:08.510967,26,41,1.1783020268966826,96,20,29
Bangalore,12.9716,77.5946,26,43,19,297,7,45,2026-03-29 20:18:08.512600,34,81,1.0241714187066946,86,20,29
Visakhapatnam,17.6868,83.2185,89,57,16,133,13,62,2026-03-29 21:18:08.505334,36,71,2.229054470165353,175,21,29
Mumbai,19.076,72.8777,107,62,40,173,9,31,2026-03-29 21:18:08.506309,26,71,1.0887899074477474,247,21,29
Delhi,28.7041,77.1025,68,117,14,390,23,23,2026-03-29 21:18:08.507706,21,65,3.814706851670485,75,21,29
Jammu and Kashmir,34.0837,74.7973,68,57,17,223,27,66,2026-03-29 21:18:08.508749,36,48,5.36348244936862,233,21,29
Hyderabad,17.385,78.4867,116,117,21,204,29,20,2026-03-29 21:18:08.510960,33,71,7.130844297362947,160,21,29
Bangalore,12.9716,77.5946,98,124,50,309,12,48,2026-03-29 21:18:08.512593,34,57,1.4072270162452476,324,21,29
Visakhapatnam,17.6868,83.2185,94,75,13,383,10,70,2026-03-29 22:18:08.505330,38,66,6.675387640236701,272,22,29
Mumbai,19.076,72.8777,52,127,10,103,22,58,2026-03-29 22:18:08.506306,25,89,7.619251558083328,125,22,29
Delhi,28.7041,77.1025,81,52,6,100,18,30,2026-03-29 22:18:08.507700,26,67,3.084065927762605,24,22,29
Jammu and Kashmir,34.0837,74.7973,110,105,12,100,4,14,2026-03-29 22:18:08.508742,39,83,1.568547581702746,9,22,29
Hyderabad,17.385,78.4867,22,55,32,177,6,67,2026-03-29 22:18:08.510953,30,59,2.197655610531245,225,22,29
Bangalore,12.9716,77.5946,90,144,49,171,9,32,2026-03-29 22:18:08.512586,20,68,6.326065955577133,64,22,29
Visakhapatnam,17.6868,83.2185,44,100,19,222,12,15,2026-03-29 23:18:08.505326,26,66,2.499233790959829,315,23,29
Mumbai,19.076,72.8777,67,36,39,178,10,52,2026-03-29 23:18:08.506302,36,74,6.207154701829247,77,23,29
Delhi,28.7041,77.1025,41,136,48,287,14,20,2026-03-29 23:18:08.507693,20,44,7.131909495855986,214,23,29
Jammu and Kashmir,34.0837,74.7973,76,149,38,186,4,20,2026-03-29 23:18:08.508735,35,41,6.252664118473247,323,23,29
Hyderabad,17.385,78.4867,34,131,47,136,23,56,2026-03-29 23:18:08.510947,35,40,1.5297255607159128,14,23,29
Bangalore,12.9716,77.5946,113,30,20,229,22,47,2026-03-29 23:18:08.512579,35,50,7.89450544470812,274,23,29
Visakhapatnam,17.6868,83.2185,85,98,38,306,12,47,2026-03-30 00:18:08.505323,22,45,7.87747254669098,87,0,30
Mumbai,19.076,72.8777,95,145,26,178,20,59,2026-03-30 00:18:08.506298,40,68,2.65173016015812,29,0,30
Delhi,28.7041,77.1025,74,68,50,339,7,48,2026-03-30 00:18:08.507689,27,82,4.115713811086319,80,0,30
Jammu and Kashmir,34.0837,74.7973,84,133,11,200,29,49,2026-03-30 00:18:08.508729,22,72,9.173896633168464,31,0,30
Hyderabad,17.385,78.4867,80,109,39,115,21,51,2026-03-30 00:18:08.510938,30,67,9.389669240624816,219,0,30
Bangalore,12.9716,77.5946,42,109,8,235,6,18,2026-03-30 00:18:08.512572,28,76,3.67255155630037,244,0,30
Visakhapatnam,17.6868,83.2185,98,36,5,159,27,22,2026-03-30 01:18:08.505319,30,74,4.791260049506921,263,1,30
Mumbai,19.076,72.8777,117,111,46,121,18,68,2026-03-30 01:18:08.506285,22,40,2.115474653551975,18,1,30
Delhi,28.7041,77.1025,86,127,12,291,8,54,2026-03-30 01:18:08.507686,40,88,4.617094843729985,158,1,30
Jammu and Kashmir,34.0837,74.7973,107,60,29,152,22,25,2026-03-30 01:18:08.508722,25,75,7.833205386261842,174,1,30
Hyderabad,17.385,78.4867,56,44,23,316,12,15,2026-03-30 01:18:08.510932,27,74,9.237951665825513,346,1,30
Bangalore,12.9716,77.5946,117,143,43,273,12,45,2026-03-30 01:18:08.512565,36,69,4.985154261743324,91,1,30
Visakhapatnam,17.6868,83.2185,70,57,6,371,27,49,2026-03-30 02:18:08.505316,30,84,3.89055394835869,187,2,30
Mumbai,19.076,72.8777,65,51,41,397,19,74,2026-03-30 02:18:08.506282,26,63,5.416854525960754,66,2,30
Delhi,28.7041,77.1025,111,137,43,156,28,67,2026-03-30 02:18:08.507682,31,51,5.564125364337976,74,2,30
Jammu and Kashmir,34.0837,74.7973,101,91,37,272,3,45,2026-03-30 02:18:08.508716,24,46,3.95587439314523,96,2,30
Hyderabad,17.385,78.4867,64,100,23,247,22,29,2026-03-30 02:18:08.510925,23,62,8.654387067033053,48,2,30
Bangalore,12.9716,77.5946,120,149,18,281,13,57,2026-03-30 02:18:08.512558,31,50,4.022064596138435,123,2,30
Visakhapatnam,17.6868,83.2185,79,37,30,201,10,47,2026-03-30 03:18:08.505312,39,71,7.276109065948304,185,3,30
Mumbai,19.076,72.8777,45,108,34,145,21,43,2026-03-30 03:18:08.506278,24,90,4.1742507057088485,117,3,30
Delhi,28.7041,77.1025,39,116,28,128,24,32,2026-03-30 03:18:08.507679,33,74,4.459978849642262,87,3,30
Jammu and Kashmir,34.0837,74.7973,80,126,49,162,14,47,2026-03-30 03:18:08.508710,30,82,4.9267600804015785,292,3,30
Hyderabad,17.385,78.4867,78,84,35,377,22,43,2026-03-30 03:18:08.510919,23,40,7.168276023040451,89,3,30
Bangalore,12.9716,77.5946,113,121,45,176,7,10,2026-03-30 03:18:08.512551,37,55,9.48291940050716,359,3,30
Visakhapatnam,17.6868,83.2185,77,43,7,228,11,70,2026-03-30 04:18:08.505308,36,51,1.4516712404878829,236,4,30
Mumbai,19.076,72.8777,115,78,28,255,29,29,2026-03-30 04:18:08.506275,34,53,3.70237119663022,235,4,30
Delhi,28.7041,77.1025,26,78,19,203,22,69,2026-03-30 04:18:08.507675,20,61,3.556892946922627,279,4,30
Jammu and Kashmir,34.0837,74.7973,95,37,10,399,23,59,2026-03-30 04:18:08.508705,40,49,6.709244444576205,237,4,30
Hyderabad,17.385,78.4867,73,108,30,378,17,44,2026-03-30 04:18:08.510912,27,49,2.602720537956748,7,4,30
Bangalore,12.9716,77.5946,75,55,10,281,8,18,2026-03-30 04:18:08.512540,34,43,6.294921072205399,205,4,30
Visakhapatnam,17.6868,83.2185,25,136,31,314,7,63,2026-03-30 05:18:08.505305,30,40,1.574795722101815,209,5,30
Mumbai,19.076,72.8777,102,140,6,240,19,56,2026-03-30 05:18:08.506271,34,52,8.451978752807028,301,5,30
Delhi,28.7041,77.1025,54,44,6,336,8,33,2026-03-30 05:18:08.507672,36,86,5.641687201400851,269,5,30
Jammu and Kashmir,34.0837,74.7973,25,119,44,395,2,62,2026-03-30 05:18:08.508699,26,58,3.548754758670187,344,5,30
Hyderabad,17.385,78.4867,53,77,36,154,23,60,2026-03-30 05:18:08.510905,38,67,1.9432935857322415,349,5,30
Bangalore,12.9716,77.5946,52,47,41,205,29,41,2026-03-30 05:18:08.512534,35,74,4.139170795459879,297,5,30
Visakhapatnam,17.6868,83.2185,109,66,25,320,28,15,2026-03-30 06:18:08.505302,26,87,1.8429998129484335,109,6,30
Mumbai,19.076,72.8777,83,122,8,151,10,68,2026-03-30 06:18:08.506268,28,57,1.9792594710373688,299,6,30
Delhi,28.7041,77.1025,86,91,11,254,8,50,2026-03-30 06:18:08.507668,31,70,6.694897095511419,283,6,30
Jammu and Kashmir,34.0837,74.7973,60,137,7,362,15,37,2026-03-30 06:18:08.508692,36,61,2.39734012534074,271,6,30
Hyderabad,17.385,78.4867,94,100,50,271,11,74,2026-03-30 06:18:08.510899,24,71,5.581325618142917,70,6,30
Bangalore,12.9716,77.5946,71,149,14,353,18,18,2026-03-30 06:18:08.512525,26,89,1.04579627737877,180,6,30
Visakhapatnam,17.6868,83.2185,43,120,35,234,30,72,2026-03-30 07:18:08.505298,22,54,5.494047135495353,18,7,30
Mumbai,19.076,72.8777,117,60,39,325,15,12,2026-03-30 07:18:08.506264,32,90,3.047736003116108,255,7,30
Delhi,28.7041,77.1025,21,53,28,290,20,37,2026-03-30 07:18:08.507663,37,87,1.1534100875252828,171,7,30
Jammu and Kashmir,34.0837,74.7973,31,80,28,313,15,29,2026-03-30 07:18:08.508685,38,41,9.096794389746885,353,7,30
Hyderabad,17.385,78.4867,109,109,26,334,25,39,2026-03-30 07:18:08.510893,27,53,8.888584393215908,233,7,30
Bangalore,12.9716,77.5946,95,64,13,170,9,20,2026-03-30 07:18:08.512518,35,79,5.8876887304496766,152,7,30
Visakhapatnam,17.6868,83.2185,38,135,13,316,28,26,2026-03-30 08:18:08.505295,37,67,1.5652763497874371,21,8,30
Mumbai,19.076,72.8777,72,100,16,125,8,38,2026-03-30 08:18:08.506261,20,52,5.585088313214289,164,8,30
Delhi,28.7041,77.1025,35,38,28,213,16,14,2026-03-30 08:18:08.507658,29,41,2.134479817364885,132,8,30
Jammu and Kashmir,34.0837,74.7973,77,134,40,314,28,46,2026-03-30 08:18:08.508678,36,47,4.755243242257752,145,8,30
Hyderabad,17.385,78.4867,35,131,11,242,29,55,2026-03-30 08:18:08.510888,20,67,7.026504036342307,257,8,30
Bangalore,12.9716,77.5946,52,125,44,187,20,27,2026-03-30 08:18:08.512511,25,89,1.3802914630734548,130,8,30
Visakhapatnam,17.6868,83.2185,111,60,48,111,3,33,2026-03-30 09:18:08.505291,25,78,6.695777550914795,202,9,30
Mumbai,19.076,72.8777,52,78,14,370,5,12,2026-03-30 09:18:08.506256,30,69,6.710717354920394,209,9,30
Delhi,28.7041,77.1025,76,115,10,117,4,77,2026-03-30 09:18:08.507655,29,40,4.613973744644206,344,9,30
Jammu and Kashmir,34.0837,74.7973,106,122,46,174,12,74,2026-03-30 09:18:08.508671,25,73,9.38770126851537,223,9,30
Hyderabad,17.385,78.4867,94,81,8,304,9,18,2026-03-30 09:18:08.510882,33,67,3.4908108359037358,340,9,30
Bangalore,12.9716,77.5946,77,79,17,132,16,61,2026-03-30 09:18:08.512504,39,64,1.807693672842256,274,9,30
Visakhapatnam,17.6868,83.2185,84,136,24,335,21,35,2026-03-30 10:18:08.505287,40,58,2.4309714302824665,103,10,30
Mumbai,19.076,72.8777,115,82,15,356,24,43,2026-03-30 10:18:08.506249,39,59,7.249110424180178,161,10,30
Delhi,28.7041,77.1025,70,101,21,390,20,71,2026-03-30 10:18:08.507651,34,82,6.88053993956772,58,10,30
Jammu and Kashmir,34.0837,74.7973,52,49,27,163,21,56,2026-03-30 10:18:08.508642,25,63,4.424613277903166,184,10,30
Hyderabad,17.385,78.4867,33,123,27,291,12,36,2026-03-30 10:18:08.510877,36,60,4.338110319231188,352,10,30
Bangalore,12.9716,77.5946,28,46,43,140,9,74,2026-03-30 10:18:08.512498,31,73,6.016166033585664,66,10,30
Visakhapatnam,17.6868,83.2185,77,111,7,140,25,79,2026-03-30 11:18:08.505283,36,71,5.082551314047985,206,11,30
Mumbai,19.076,72.8777,66,99,6,191,13,18,2026-03-30 11:18:08.506244,24,46,2.350801180389458,123,11,30
Delhi,28.7041,77.1025,25,66,39,393,4,55,2026-03-30 11:18:08.507648,25,73,1.7801951333918995,344,11,30
Jammu and Kashmir,34.0837,74.7973,79,71,25,176,29,11,2026-03-30 11:18:08.508612,22,85,1.3510693988227898,337,11,30
Hyderabad,17.385,78.4867,24,55,13,204,26,68,2026-03-30 11:18:08.510870,36,62,2.5104551644837807,82,11,30
Bangalore,12.9716,77.5946,63,113,49,243,13,19,2026-03-30 11:18:08.512491,40,84,6.689772582048031,239,11,30
Visakhapatnam,17.6868,83.2185,50,60,32,304,7,78,2026-03-30 12:18:08.505280,23,42,1.3914302324029264,267,12,30
Mumbai,19.076,72.8777,89,132,47,392,16,30,2026-03-30 12:18:08.506238,33,60,5.913609008097954,155,12,30
Delhi,28.7041,77.1025,34,64,21,307,20,11,2026-03-30 12:18:08.507645,35,63,6.10276695340548,146,12,30
Jammu and Kashmir,34.0837,74.7973,70,80,8,279,19,65,2026-03-30 12:18:08.508607,36,63,9.541778624063015,69,12,30
Hyderabad,17.385,78.4867,78,104,47,248,23,29,2026-03-30 12:18:08.510864,37,80,9.801960665764677,123,12,30
Bangalore,12.9716,77.5946,105,110,21,339,28,53,2026-03-30 12:18:08.512485,26,63,4.727542500572513,275,12,30
Visakhapatnam,17.6868,83.2185,91,52,18,311,10,73,2026-03-30 13:18:08.505277,21,49,4.666083287109447,291,13,30
Mumbai,19.076,72.8777,55,111,20,206,7,33,2026-03-30 13:18:08.506233,21,89,8.734539799407681,323,13,30
Delhi,28.7041,77.1025,77,96,49,174,15,56,2026-03-30 13:18:08.507641,25,40,7.571650817592305,331,13,30
Jammu and Kashmir,34.0837,74.7973,80,115,50,304,8,38,2026-03-30 13:18:08.508599,39,52,3.7532759503037054,323,13,30
Hyderabad,17.385,78.4867,49,44,34,358,17,46,2026-03-30 13:18:08.510858,31,78,9.328584387640706,93,13,30
Bangalore,12.9716,77.5946,48,120,22,399,21,10,2026-03-30 13:18:08.512468,32,59,7.96379402480132,241,13,30
Visakhapatnam,17.6868,83.2185,33,111,38,243,29,65,2026-03-30 14:18:08.505273,25,53,1.2602151774886248,325,14,30
Mumbai,19.076,72.8777,74,126,30,260,17,32,2026-03-30 14:18:08.506230,37,51,8.266763653918908,6,14,30
Delhi,28.7041,77.1025,63,55,19,194,14,18,2026-03-30 14:18:08.507638,38,84,1.157133539953998,356,14,30
Jammu and Kashmir,34.0837,74.7973,101,115,29,295,12,32,2026-03-30 14:18:08.508593,23,63,6.005823617520027,136,14,30
Hyderabad,17.385,78.4867,72,92,26,137,14,63,2026-03-30 14:18:08.510851,38,57,1.952990417779745,150,14,30
Bangalore,12.9716,77.5946,77,148,37,341,2,22,2026-03-30 14:18:08.512462,33,48,4.978882088428973,295,14,30
Visakhapatnam,17.6868,83.2185,57,139,18,359,12,57,2026-03-30 15:18:08.505269,22,87,7.312796780866694,273,15,30
Mumbai,19.076,72.8777,26,86,20,235,23,63,2026-03-30 15:18:08.506226,33,50,5.3472599378093815,222,15,30
Delhi,28.7041,77.1025,67,118,5,155,7,15,2026-03-30 15:18:08.507634,34,52,3.3680166617689062,26,15,30
Jammu and Kashmir,34.0837,74.7973,117,37,34,225,12,12,2026-03-30 15:18:08.508586,21,47,5.267387364591754,26,15,30
Hyderabad,17.385,78.4867,69,34,29,380,15,47,2026-03-30 15:18:08.510844,29,60,6.276597101219997,354,15,30
Bangalore,12.9716,77.5946,22,121,9,281,28,75,2026-03-30 15:18:08.512456,37,88,1.2089289337315223,37,15,30
Visakhapatnam,17.6868,83.2185,33,128,45,360,15,28,2026-03-30 16:18:08.505266,32,68,5.584094512512566,297,16,30
Mumbai,19.076,72.8777,106,54,38,195,9,41,2026-03-30 16:18:08.506223,27,45,2.800975376031329,357,16,30
Delhi,28.7041,77.1025,34,132,47,342,23,73,2026-03-30 16:18:08.507631,30,77,6.898460399008745,163,16,30
Jammu and Kashmir,34.0837,74.7973,29,59,33,149,5,53,2026-03-30 16:18:08.508580,24,64,2.227095644551108,99,16,30
Hyderabad,17.385,78.4867,20,43,27,356,28,47,2026-03-30 16:18:08.510837,21,73,3.2482510140927894,140,16,30
Bangalore,12.9716,77.5946,100,44,24,183,3,25,2026-03-30 16:18:08.512450,21,40,3.15159835212712,176,16,30
Visakhapatnam,17.6868,83.2185,39,101,35,208,16,30,2026-03-30 17:18:08.505262,33,58,5.385424330416924,158,17,30
Mumbai,19.076,72.8777,49,148,28,289,21,50,2026-03-30 17:18:08.506219,36,57,4.294562833531279,335,17,30
Delhi,28.7041,77.1025,49,129,16,138,6,53,2026-03-30 17:18:08.507627,32,67,3.4992512571361263,41,17,30
Jammu and Kashmir,34.0837,74.7973,87,80,49,177,29,79,2026-03-30 17:18:08.508574,37,62,1.8782673025117016,252,17,30
Hyderabad,17.385,78.4867,68,138,46,195,2,65,2026-03-30 17:18:08.510831,28,54,6.2748627684846765,298,17,30
Bangalore,12.9716,77.5946,94,60,32,256,30,72,2026-03-30 17:18:08.512443,27,63,8.553454365688687,202,17,30
Visakhapatnam,17.6868,83.2185,53,56,42,352,8,71,2026-03-30 18:18:08.505258,36,80,9.794516548314803,180,18,30
Mumbai,19.076,72.8777,58,116,16,368,11,38,2026-03-30 18:18:08.506216,40,71,6.81984339709142,72,18,30
Delhi,28.7041,77.1025,22,126,30,102,15,32,2026-03-30 18:18:08.507624,40,41,6.2908890929692,198,18,30
Jammu and Kashmir,34.0837,74.7973,50,77,45,267,12,75,2026-03-30 18:18:08.508569,28,41,6.2040274395113,342,18,30
Hyderabad,17.385,78.4867,112,144,16,324,2,76,2026-03-30 18:18:08.510824,33,89,5.753842389040377,282,18,30
Bangalore,12.9716,77.5946,47,60,47,152,26,74,2026-03-30 18:18:08.512436,39,72,7.287442251435788,252,18,30
Visakhapatnam,17.6868,83.2185,106,99,42,337,9,38,2026-03-30 19:18:08.505253,36,82,2.863462670035695,277,19,30
Mumbai,19.076,72.8777,71,63,32,131,17,30,2026-03-30 19:18:08.506212,27,58,1.2618671746914,218,19,30
Delhi,28.7041,77.1025,58,40,33,189,20,52,2026-03-30 19:18:08.507620,40,90,9.348552109731234,351,19,30
Jammu and Kashmir,34.0837,74.7973,92,135,40,175,17,42,2026-03-30 19:18:08.508563,25,42,1.2095620018233002,58,19,30
Hyderabad,17.385,78.4867,69,37,28,247,30,34,2026-03-30 19:18:08.510813,20,68,6.981283420720061,263,19,30
Bangalore,12.9716,77.5946,71,147,7,280,10,63,2026-03-30 19:18:08.512429,38,67,3.527336765888333,159,19,30
Visakhapatnam,17.6868,83.2185,82,40,22,120,29,17,2026-03-30 20:18:08.505246,34,76,6.048382167318121,36,20,30
Mumbai,19.076,72.8777,52,83,44,362,23,57,2026-03-30 20:18:08.506208,33,40,5.671260127062106,14,20,30
Delhi,28.7041,77.1025,31,127,31,326,29,78,2026-03-30 20:18:08.507617,23,46,3.58057928479336,201,20,30
Jammu and Kashmir,34.0837,74.7973,99,65,11,278,9,34,2026-03-30 20:18:08.508557,20,54,3.6601325449388766,245,20,30
Hyderabad,17.385,78.4867,38,43,7,373,19,46,2026-03-30 20:18:08.510806,25,89,2.2288578299012274,57,20,30
Bangalore,12.9716,77.5946,118,105,11,190,22,60,2026-03-30 20:18:08.512422,35,81,9.9341594644631,63,20,30
Visakhapatnam,17.6868,83.2185,85,46,25,127,21,12,2026-03-30 21:18:08.505241,22,51,3.4778540901559407,275,21,30
Mumbai,19.076,72.8777,73,127,31,281,20,38,2026-03-30 21:18:08.506204,30,62,7.836030158977919,61,21,30
Delhi,28.7041,77.1025,41,41,37,198,2,68,2026-03-30 21:18:08.507612,22,60,4.237834239087697,318,21,30
Jammu and Kashmir,34.0837,74.7973,116,70,34,239,6,35,2026-03-30 21:18:08.508551,37,41,1.2523474505953105,149,21,30
Hyderabad,17.385,78.4867,49,131,15,223,16,49,2026-03-30 21:18:08.510799,23,60,5.889046469339445,87,21,30
Bangalore,12.9716,77.5946,80,33,48,242,22,71,2026-03-30 21:18:08.512415,26,59,2.302727203463829,210,21,30
Visakhapatnam,17.6868,83.2185,108,133,32,390,16,72,2026-03-30 22:18:08.505235,40,56,4.038436732583158,333,22,30
Mumbai,19.076,72.8777,105,130,14,188,16,66,2026-03-30 22:18:08.506200,34,64,9.720633953841832,37,22,30
Delhi,28.7041,77.1025,70,114,14,210,18,24,2026-03-30 22:18:08.507606,37,51,1.3878819183619515,72,22,30
Jammu and Kashmir,34.0837,74.7973,23,86,46,162,12,74,2026-03-30 22:18:08.508548,37,56,3.110692453808962,326,22,30
Hyderabad,17.385,78.4867,89,32,8,111,3,68,2026-03-30 22:18:08.510792,26,88,1.0017499830840109,324,22,30
Bangalore,12.9716,77.5946,35,133,29,192,26,47,2026-03-30 22:18:08.512408,30,57,2.890434405136554,144,22,30
Visakhapatnam,17.6868,83.2185,39,68,50,338,15,43,2026-03-30 23:18:08.505230,36,45,9.84639697403696,300,23,30
Mumbai,19.076,72.8777,32,69,44,387,12,45,2026-03-30 23:18:08.506196,26,50,8.635990602194259,71,23,30
Delhi,28.7041,77.1025,25,36,41,382,11,53,2026-03-30 23:18:08.507600,26,46,6.5919821002078525,32,23,30
Jammu and Kashmir,34.0837,74.7973,60,51,50,271,23,77,2026-03-30 23:18:08.508545,25,71,7.849495549010113,42,23,30
Hyderabad,17.385,78.4867,35,63,6,265,29,30,2026-03-30 23:18:08.510785,33,65,4.027293990857414,301,23,30
Bangalore,12.9716,77.5946,39,49,13,294,27,64,2026-03-30 23:18:08.512401,40,62,4.762426676693439,219,23,30
Visakhapatnam,17.6868,83.2185,85,116,38,161,18,24,2026-03-31 00:18:08.505227,31,45,6.326070392384918,350,0,31
Mumbai,19.076,72.8777,94,118,39,300,20,59,2026-03-31 00:18:08.506192,30,47,3.08191385574405,85,0,31
Delhi,28.7041,77.1025,56,40,21,222,30,66,2026-03-31 00:18:08.507594,27,79,7.727264482602974,54,0,31
Jammu and Kashmir,34.0837,74.7973,69,109,18,116,15,13,2026-03-31 00:18:08.508541,34,51,6.669355817104561,143,0,31
Hyderabad,17.385,78.4867,68,142,43,321,21,38,2026-03-31 00:18:08.510778,20,69,1.7420285251256025,242,0,31
Bangalore,12.9716,77.5946,39,74,22,131,26,49,2026-03-31 00:18:08.512393,24,85,8.910075290311045,269,0,31
Visakhapatnam,17.6868,83.2185,77,44,38,395,20,26,2026-03-31 01:18:08.505223,23,70,4.128576380441622,83,1,31
Mumbai,19.076,72.8777,104,94,47,398,28,69,2026-03-31 01:18:08.506189,24,87,1.5955655732045717,339,1,31
Delhi,28.7041,77.1025,29,131,35,330,25,76,2026-03-31 01:18:08.507589,33,51,4.808003220588457,350,1,31
Jammu and Kashmir,34.0837,74.7973,34,71,39,360,2,45,2026-03-31 01:18:08.508538,29,76,9.580167241837447,196,1,31
Hyderabad,17.385,78.4867,56,97,15,184,25,35,2026-03-31 01:18:08.510771,20,85,8.629216773641822,7,1,31
Bangalore,12.9716,77.5946,43,121,13,118,17,18,2026-03-31 01:18:08.512385,31,86,7.549724332392585,238,1,31
Visakhapatnam,17.6868,83.2185,92,53,48,105,30,38,2026-03-31 02:18:08.505220,29,82,4.518888184657574,149,2,31
Mumbai,19.076,72.8777,118,40,29,190,30,13,2026-03-31 02:18:08.506185,29,52,7.153856760032978,350,2,31
Delhi,28.7041,77.1025,55,100,43,342,17,62,2026-03-31 02:18:08.507585,30,85,1.0337045834791432,274,2,31
Jammu and Kashmir,34.0837,74.7973,77,54,24,172,6,25,2026-03-31 02:18:08.508534,33,75,5.314983536193152,257,2,31
Hyderabad,17.385,78.4867,63,52,11,216,4,41,2026-03-31 02:18:08.510765,30,51,9.056848059998114,187,2,31
Bangalore,12.9716,77.5946,62,148,41,289,24,80,2026-03-31 02:18:08.512379,28,68,2.453452633026872,183,2,31
Visakhapatnam,17.6868,83.2185,116,86,11,132,17,21,2026-03-31 03:18:08.505216,33,44,4.843230392524821,144,3,31
Mumbai,19.076,72.8777,104,30,29,149,8,28,2026-03-31 03:18:08.506182,39,90,8.115405635475913,271,3,31
Delhi,28.7041,77.1025,108,134,21,310,7,52,2026-03-31 03:18:08.507579,38,58,8.218315093640328,316,3,31
Jammu and Kashmir,34.0837,74.7973,94,85,31,276,8,22,2026-03-31 03:18:08.508530,22,80,4.024177278034188,110,3,31
Hyderabad,17.385,78.4867,99,106,43,370,2,27,2026-03-31 03:18:08.510757,33,84,9.08241758218862,45,3,31
Bangalore,12.9716,77.5946,81,110,44,261,28,44,2026-03-31 03:18:08.512372,40,52,5.213464900778745,160,3,31
Visakhapatnam,17.6868,83.2185,87,84,29,222,4,33,2026-03-31 04:18:08.505213,29,62,7.96093294345574,146,4,31
Mumbai,19.076,72.8777,59,77,33,337,20,34,2026-03-31 04:18:08.506179,29,67,6.933293944391365,155,4,31
Delhi,28.7041,77.1025,45,112,18,350,17,53,2026-03-31 04:18:08.507576,29,85,1.2130018670334235,263,4,31
Jammu and Kashmir,34.0837,74.7973,91,112,32,370,4,79,2026-03-31 04:18:08.508526,33,63,8.076607257744595,347,4,31
Hyderabad,17.385,78.4867,91,147,40,337,18,39,2026-03-31 04:18:08.510743,37,88,3.742085460408548,230,4,31
Bangalore,12.9716,77.5946,79,131,13,397,7,54,2026-03-31 04:18:08.512365,37,58,7.681652353211271,55,4,31
Visakhapatnam,17.6868,83.2185,94,72,30,203,2,38,2026-03-31 05:18:08.505209,28,65,8.157196945707103,14,5,31
Mumbai,19.076,72.8777,71,69,20,199,12,22,2026-03-31 05:18:08.506175,36,77,7.069246882754763,168,5,31
Delhi,28.7041,77.1025,22,114,9,358,4,61,2026-03-31 05:18:08.507572,39,72,6.850774407563437,31,5,31
Jammu and Kashmir,34.0837,74.7973,102,145,14,354,23,38,2026-03-31 05:18:08.508523,40,74,2.2175049544516514,128,5,31
Hyderabad,17.385,78.4867,23,147,7,351,20,78,2026-03-31 05:18:08.510703,31,48,9.494116357603083,213,5,31
Bangalore,12.9716,77.5946,29,120,22,129,27,19,2026-03-31 05:18:08.512358,27,77,1.8267902347379907,294,5,31
Visakhapatnam,17.6868,83.2185,80,31,36,351,30,63,2026-03-31 06:18:08.505206,29,42,8.21907569565683,141,6,31
Mumbai,19.076,72.8777,62,122,40,160,27,20,2026-03-31 06:18:08.506172,34,73,4.792034033775208,193,6,31
Delhi,28.7041,77.1025,71,75,43,259,6,76,2026-03-31 06:18:08.507569,31,57,7.223506276203828,112,6,31
Jammu and Kashmir,34.0837,74.7973,21,56,37,292,12,52,2026-03-31 06:18:08.508519,35,41,4.56748379187781,151,6,31
Hyderabad,17.385,78.4867,32,134,14,265,22,45,2026-03-31 06:18:08.510697,26,43,9.452347480808577,266,6,31
Bangalore,12.9716,77.5946,73,102,10,225,11,43,2026-03-31 06:18:08.512351,32,57,2.7822704670048437,284,6,31
Visakhapatnam,17.6868,83.2185,73,150,49,218,12,24,2026-03-31 07:18:08.505203,37,81,8.187410085268738,216,7,31
Mumbai,19.076,72.8777,106,53,49,112,28,41,2026-03-31 07:18:08.506167,35,77,4.848550316413672,257,7,31
Delhi,28.7041,77.1025,34,66,6,281,30,30,2026-03-31 07:18:08.507566,23,49,9.633027991391875,229,7,31
Jammu and Kashmir,34.0837,74.7973,47,121,48,111,15,17,2026-03-31 07:18:08.508516,21,88,8.903061322702346,190,7,31
Hyderabad,17.385,78.4867,58,47,41,352,24,26,2026-03-31 07:18:08.510691,35,57,1.1402841116038842,196,7,31
Bangalore,12.9716,77.5946,51,73,49,284,3,39,2026-03-31 07:18:08.512344,32,69,4.3625659537433314,269,7,31
Visakhapatnam,17.6868,83.2185,110,70,12,322,15,34,2026-03-31 08:18:08.505200,23,63,3.2995249860639198,303,8,31
Mumbai,19.076,72.8777,59,79,39,255,24,18,2026-03-31 08:18:08.506164,37,88,3.912874183131815,360,8,31
Delhi,28.7041,77.1025,47,87,11,226,30,47,2026-03-31 08:18:08.507562,20,69,1.7641378921621629,267,8,31
Jammu and Kashmir,34.0837,74.7973,84,60,37,257,18,69,2026-03-31 08:18:08.508512,26,60,7.706410697982473,39,8,31
Hyderabad,17.385,78.4867,96,84,13,366,30,60,2026-03-31 08:18:08.510686,25,80,7.782864780679468,188,8,31
Bangalore,12.9716,77.5946,40,118,14,208,2,48,2026-03-31 08:18:08.512338,31,81,7.72923059144368,226,8,31
Visakhapatnam,17.6868,83.2185,25,126,9,116,13,32,2026-03-31 09:18:08.505196,34,44,3.3504921428942467,61,9,31
Mumbai,19.076,72.8777,59,125,14,110,24,14,2026-03-31 09:18:08.506160,37,40,9.724572247928323,170,9,31
Delhi,28.7041,77.1025,63,45,43,114,14,22,2026-03-31 09:18:08.507558,26,61,4.61904750090003,248,9,31
Jammu and Kashmir,34.0837,74.7973,77,140,37,137,3,51,2026-03-31 09:18:08.508506,38,63,1.6621163466689377,248,9,31
Hyderabad,17.385,78.4867,47,100,24,359,25,64,2026-03-31 09:18:08.510680,21,83,2.5779228037973447,342,9,31
Bangalore,12.9716,77.5946,69,38,32,201,9,77,2026-03-31 09:18:08.512331,39,81,9.543993241980424,39,9,31
Visakhapatnam,17.6868,83.2185,91,130,36,193,26,33,2026-03-31 10:18:08.505193,38,73,1.197148902689838,183,10,31
Mumbai,19.076,72.8777,117,84,29,249,9,15,2026-03-31 10:18:08.506156,32,40,6.015361072722162,262,10,31
Delhi,28.7041,77.1025,57,58,23,180,20,42,2026-03-31 10:18:08.507555,22,84,1.6244821798006257,48,10,31
Jammu and Kashmir,34.0837,74.7973,90,145,18,320,12,38,2026-03-31 10:18:08.508499,26,76,8.517315725941064,21,10,31
Hyderabad,17.385,78.4867,116,122,33,347,5,44,2026-03-31 10:18:08.510674,20,65,7.180732737248384,75,10,31
Bangalore,12.9716,77.5946,103,65,47,349,5,15,2026-03-31 10:18:08.512326,30,62,8.41675178151436,76,10,31
Visakhapatnam,17.6868,83.2185,53,116,20,159,29,37,2026-03-31 11:18:08.505189,32,84,7.273980372030472,210,11,31
Mumbai,19.076,72.8777,71,70,35,126,26,43,2026-03-31 11:18:08.506150,40,44,4.646038389169263,252,11,31
Delhi,28.7041,77.1025,39,133,48,129,27,34,2026-03-31 11:18:08.507551,24,58,8.607770279340045,68,11,31
Jammu and Kashmir,34.0837,74.7973,56,67,27,163,20,59,2026-03-31 11:18:08.508495,33,68,1.7896246676286949,267,11,31
Hyderabad,17.385,78.4867,51,119,24,347,3,32,2026-03-31 11:18:08.510669,30,65,3.723164754158824,350,11,31
Bangalore,12.9716,77.5946,105,116,27,360,3,49,2026-03-31 11:18:08.512320,38,61,7.771852306253202,90,11,31
Visakhapatnam,17.6868,83.2185,88,130,46,146,23,30,2026-03-31 12:18:08.505186,35,73,8.355735746880187,11,12,31
Mumbai,19.076,72.8777,57,133,49,302,12,34,2026-03-31 12:18:08.506143,33,58,2.9303420396281874,253,12,31
Delhi,28.7041,77.1025,53,54,36,390,30,22,2026-03-31 12:18:08.507548,29,68,5.2532710771182565,225,12,31
Jammu and Kashmir,34.0837,74.7973,91,143,9,343,28,78,2026-03-31 12:18:08.508491,24,75,5.686343055572088,73,12,31
Hyderabad,17.385,78.4867,94,144,25,284,13,67,2026-03-31 12:18:08.510663,39,54,4.775950016727027,114,12,31
Bangalore,12.9716,77.5946,74,49,19,279,8,13,2026-03-31 12:18:08.512314,33,78,9.768950486466998,77,12,31
Visakhapatnam,17.6868,83.2185,79,82,18,161,28,40,2026-03-31 13:18:08.505182,31,48,6.776835363835183,250,13,31
Mumbai,19.076,72.8777,32,70,10,237,4,70,2026-03-31 13:18:08.506138,40,67,6.762355035779692,132,13,31
Delhi,28.7041,77.1025,63,67,20,215,5,43,2026-03-31 13:18:08.507544,34,79,6.488307375438996,307,13,31
Jammu and Kashmir,34.0837,74.7973,76,63,17,282,16,18,2026-03-31 13:18:08.508486,26,58,1.916145594312333,139,13,31
Hyderabad,17.385,78.4867,66,60,15,141,9,63,2026-03-31 13:18:08.510658,38,53,2.5832376986441847,284,13,31
Bangalore,12.9716,77.5946,71,123,8,179,19,41,2026-03-31 13:18:08.512308,24,42,3.713861091959549,160,13,31
Visakhapatnam,17.6868,83.2185,103,140,37,388,21,70,2026-03-31 14:18:08.505179,40,40,4.458369379138662,52,14,31
Mumbai,19.076,72.8777,61,81,49,253,4,25,2026-03-31 14:18:08.506133,30,64,5.7176046703676775,16,14,31
Delhi,28.7041,77.1025,105,43,6,172,12,10,2026-03-31 14:18:08.507540,36,66,7.794937890268735,333,14,31
Jammu and Kashmir,34.0837,74.7973,50,81,8,312,25,73,2026-03-31 14:18:08.508480,33,72,4.331494826086371,181,14,31
Hyderabad,17.385,78.4867,117,97,25,272,21,68,2026-03-31 14:18:08.510651,39,42,5.677333142174743,355,14,31
Bangalore,12.9716,77.5946,36,76,39,394,23,79,2026-03-31 14:18:08.512302,25,59,2.913317630121365,200,14,31
Visakhapatnam,17.6868,83.2185,53,77,10,257,30,22,2026-03-31 15:18:08.505176,26,79,8.810908383393482,73,15,31
Mumbai,19.076,72.8777,84,105,26,275,25,36,2026-03-31 15:18:08.506129,29,51,4.35815955039337,208,15,31
Delhi,28.7041,77.1025,70,61,9,237,28,40,2026-03-31 15:18:08.507537,23,89,9.053496205727388,271,15,31
Jammu and Kashmir,34.0837,74.7973,115,98,14,125,17,41,2026-03-31 15:18:08.508475,21,75,6.835972733208968,317,15,31
Hyderabad,17.385,78.4867,79,30,27,393,20,44,2026-03-31 15:18:08.510644,32,53,4.3422364351044695,78,15,31
Bangalore,12.9716,77.5946,69,136,43,100,2,72,2026-03-31 15:18:08.512296,31,57,7.029376143038156,82,15,31
Visakhapatnam,17.6868,83.2185,39,60,39,217,4,18,2026-03-31 16:18:08.505172,24,63,2.493340778751785,115,16,31
Mumbai,19.076,72.8777,109,96,48,390,17,37,2026-03-31 16:18:08.506125,39,56,7.220441066845489,291,16,31
Delhi,28.7041,77.1025,106,71,27,308,27,61,2026-03-31 16:18:08.507531,22,68,2.103314374723526,135,16,31
Jammu and Kashmir,34.0837,74.7973,105,118,28,234,22,73,2026-03-31 16:18:08.508470,31,85,6.684729866652133,114,16,31
Hyderabad,17.385,78.4867,88,41,21,321,8,52,2026-03-31 16:18:08.510639,29,83,4.812267679025592,305,16,31
Bangalore,12.9716,77.5946,53,46,5,128,20,14,2026-03-31 16:18:08.512289,32,73,4.042622994914851,89,16,31
Visakhapatnam,17.6868,83.2185,112,107,8,153,20,23,2026-03-31 17:18:08.505168,33,43,6.187147363125019,343,17,31
Mumbai,19.076,72.8777,57,107,34,249,25,33,2026-03-31 17:18:08.506121,31,75,6.013116902982529,14,17,31
Delhi,28.7041,77.1025,24,53,28,262,21,76,2026-03-31 17:18:08.507525,32,67,3.844108622261655,112,17,31
Jammu and Kashmir,34.0837,74.7973,79,148,18,256,10,41,2026-03-31 17:18:08.508467,32,63,6.942846467730155,42,17,31
Hyderabad,17.385,78.4867,49,52,15,142,14,53,2026-03-31 17:18:08.510634,23,40,2.915991189525566,183,17,31
Bangalore,12.9716,77.5946,39,148,46,188,26,63,2026-03-31 17:18:08.512282,36,62,6.378884255952702,201,17,31
Visakhapatnam,17.6868,83.2185,83,80,17,306,29,19,2026-03-31 18:18:08.505165,24,71,4.985100890989952,288,18,31
Mumbai,19.076,72.8777,69,55,19,366,26,15,2026-03-31 18:18:08.506118,26,55,8.473561743311995,305,18,31
Delhi,28.7041,77.1025,35,112,44,378,18,11,2026-03-31 18:18:08.507519,20,40,9.229071939939487,29,18,31
Jammu and Kashmir,34.0837,74.7973,46,149,5,134,4,57,2026-03-31 18:18:08.508463,24,48,1.3061842841861373,185,18,31
Hyderabad,17.385,78.4867,59,105,35,100,14,13,2026-03-31 18:18:08.510628,21,76,9.618267484605663,169,18,31
Bangalore,12.9716,77.5946,102,148,6,228,24,35,2026-03-31 18:18:08.512275,36,84,2.369826289585901,303,18,31
Visakhapatnam,17.6868,83.2185,58,68,27,267,8,62,2026-03-31 19:18:08.505161,21,82,9.174646403687326,306,19,31
Mumbai,19.076,72.8777,54,62,34,148,20,31,2026-03-31 19:18:08.506114,40,43,1.2497338361154726,119,19,31
Delhi,28.7041,77.1025,94,76,14,206,26,76,2026-03-31 19:18:08.507512,37,54,7.671187989391367,270,19,31
Jammu and Kashmir,34.0837,74.7973,31,99,44,326,6,19,2026-03-31 19:18:08.508460,33,71,6.033174664476131,333,19,31
Hyderabad,17.385,78.4867,107,129,46,153,23,37,2026-03-31 19:18:08.510621,29,62,9.196658176908358,69,19,31
Bangalore,12.9716,77.5946,119,63,35,187,3,29,2026-03-31 19:18:08.512268,22,54,9.874914923941102,51,19,31
Visakhapatnam,17.6868,83.2185,80,150,35,118,2,43,2026-03-31 20:18:08.505158,28,60,3.940173762512469,282,20,31
Mumbai,19.076,72.8777,115,97,30,114,26,42,2026-03-31 20:18:08.506111,40,72,2.6486365041502804,69,20,31
Delhi,28.7041,77.1025,27,139,20,273,12,39,2026-03-31 20:18:08.507506,28,85,8.070151722735934,56,20,31
Jammu and Kashmir,34.0837,74.7973,95,135,47,380,12,12,2026-03-31 20:18:08.508456,31,87,8.401648391071582,340,20,31
Hyderabad,17.385,78.4867,51,100,26,276,25,57,2026-03-31 20:18:08.510616,21,46,6.904099949976501,265,20,31
Bangalore,12.9716,77.5946,27,118,32,107,12,35,2026-03-31 20:18:08.512261,20,41,6.17622461002396,24,20,31
Visakhapatnam,17.6868,83.2185,36,34,42,335,16,38,2026-03-31 21:18:08.505152,31,86,9.09468084044825,30,21,31
Mumbai,19.076,72.8777,50,119,38,122,16,80,2026-03-31 21:18:08.506107,35,43,8.69265562469052,92,21,31
Delhi,28.7041,77.1025,65,56,17,142,15,79,2026-03-31 21:18:08.507500,28,72,4.334300509026319,128,21,31
Jammu and Kashmir,34.0837,74.7973,70,37,49,151,21,53,2026-03-31 21:18:08.508453,21,43,4.858258284353688,32,21,31
Hyderabad,17.385,78.4867,51,116,46,194,6,24,2026-03-31 21:18:08.510611,26,69,9.588573472248028,56,21,31
Bangalore,12.9716,77.5946,27,68,7,318,11,66,2026-03-31 21:18:08.512253,34,81,4.689534318471923,324,21,31
Visakhapatnam,17.6868,83.2185,119,96,28,286,7,66,2026-03-31 22:18:08.505146,40,58,6.939746214660896,277,22,31
Mumbai,19.076,72.8777,37,93,16,373,21,50,2026-03-31 22:18:08.506104,30,42,4.725968606208063,340,22,31
Delhi,28.7041,77.1025,72,107,42,209,9,27,2026-03-31 22:18:08.507490,36,74,8.266665787116303,261,22,31
Jammu and Kashmir,34.0837,74.7973,115,121,19,275,2,65,2026-03-31 22:18:08.508450,29,70,2.074413015935217,289,22,31
Hyderabad,17.385,78.4867,101,48,41,265,6,41,2026-03-31 22:18:08.510605,29,64,6.605006207229654,30,22,31
Bangalore,12.9716,77.5946,27,51,22,293,11,40,2026-03-31 22:18:08.512245,25,83,1.8408772636400677,59,22,31
Visakhapatnam,17.6868,83.2185,53,62,33,256,15,20,2026-03-31 23:18:08.505140,20,68,7.372213468454836,266,23,31
Mumbai,19.076,72.8777,115,71,18,198,7,58,2026-03-31 23:18:08.506100,38,75,5.664169928864839,343,23,31
Delhi,28.7041,77.1025,83,55,30,264,5,40,2026-03-31 23:18:08.507484,21,67,5.090106961257247,353,23,31
Jammu and Kashmir,34.0837,74.7973,42,96,6,131,19,71,2026-03-31 23:18:08.508446,37,77,7.764123128856224,260,23,31
Hyderabad,17.385,78.4867,34,71,14,232,24,34,2026-03-31 23:18:08.510599,31,45,1.127194158598959,22,23,31
Bangalore,12.9716,77.5946,116,79,35,259,7,73,2026-03-31 23:18:08.512238,31,68,4.637374881252647,16,23,31
Visakhapatnam,17.6868,83.2185,107,33,15,281,19,77,2026-04-01 00:18:08.505135,39,50,2.4110488464806275,55,0,1
Mumbai,19.076,72.8777,87,48,7,323,27,13,2026-04-01 00:18:08.506097,40,59,3.291131375261026,158,0,1
Delhi,28.7041,77.1025,46,118,48,191,25,39,2026-04-01 00:18:08.507479,30,54,1.0174062931395589,170,0,1
Jammu and Kashmir,34.0837,74.7973,26,58,11,330,16,73,2026-04-01 00:18:08.508442,37,53,4.568808478342934,327,0,1
Hyderabad,17.385,78.4867,27,38,19,211,13,72,2026-04-01 00:18:08.510594,39,50,2.9621651058976965,64,0,1
Bangalore,12.9716,77.5946,34,131,49,343,27,74,2026-04-01 00:18:08.512230,28,75,6.090689706928619,10,0,1
Visakhapatnam,17.6868,83.2185,85,74,8,191,27,17,2026-04-01 01:18:08.505130,34,82,3.4538433501297643,121,1,1
Mumbai,19.076,72.8777,62,118,34,274,28,51,2026-04-01 01:18:08.506093,30,44,4.400615423080044,217,1,1
Delhi,28.7041,77.1025,115,54,43,280,24,45,2026-04-01 01:18:08.507473,33,44,9.629915921978146,16,1,1
Jammu and Kashmir,34.0837,74.7973,61,79,46,260,26,77,2026-04-01 01:18:08.508439,27,90,4.1752239004940925,303,1,1
Hyderabad,17.385,78.4867,84,60,14,266,22,56,2026-04-01 01:18:08.510589,33,90,6.810921026756382,190,1,1
Bangalore,12.9716,77.5946,48,72,11,246,9,41,2026-04-01 01:18:08.512223,28,51,6.115568361342848,276,1,1
Visakhapatnam,17.6868,83.2185,44,121,44,397,25,16,2026-04-01 02:18:08.505127,30,43,5.0668888544635,3,2,1
Mumbai,19.076,72.8777,95,58,32,171,2,29,2026-04-01 02:18:08.506090,35,42,9.14747200552756,269,2,1
Delhi,28.7041,77.1025,102,65,30,344,19,14,2026-04-01 02:18:08.507422,30,64,4.300486509806525,115,2,1
Jammu and Kashmir,34.0837,74.7973,54,81,34,303,8,74,2026-04-01 02:18:08.508435,36,76,4.670092093305746,252,2,1
Hyderabad,17.385,78.4867,81,76,6,379,3,47,2026-04-01 02:18:08.510581,24,89,6.0357796139859,201,2,1
Bangalore,12.9716,77.5946,94,112,18,203,9,45,2026-04-01 02:18:08.512216,39,63,9.29579843286845,270,2,1
Visakhapatnam,17.6868,83.2185,98,102,8,371,9,41,2026-04-01 03:18:08.505123,37,85,3.123366052623964,173,3,1
Mumbai,19.076,72.8777,44,101,39,164,7,32,2026-04-01 03:18:08.506087,24,77,2.33323210524208,252,3,1
Delhi,28.7041,77.1025,57,84,19,120,28,25,2026-04-01 03:18:08.507415,27,40,1.2663201074405517,88,3,1
Jammu and Kashmir,34.0837,74.7973,49,79,44,188,7,74,2026-04-01 03:18:08.508431,38,61,5.308746163474578,210,3,1
Hyderabad,17.385,78.4867,40,47,39,195,7,65,2026-04-01 03:18:08.510553,24,67,9.167359354055352,360,3,1
Bangalore,12.9716,77.5946,20,124,14,114,22,15,2026-04-01 03:18:08.512209,39,47,9.35480464347816,20,3,1
Visakhapatnam,17.6868,83.2185,59,77,24,210,7,40,2026-04-01 04:18:08.505120,37,72,5.9962799711391845,282,4,1
Mumbai,19.076,72.8777,26,58,13,211,11,13,2026-04-01 04:18:08.506083,20,53,9.838854703924277,208,4,1
Delhi,28.7041,77.1025,113,84,12,107,19,60,2026-04-01 04:18:08.507410,39,62,2.1504934324148475,189,4,1
Jammu and Kashmir,34.0837,74.7973,57,124,29,258,29,19,2026-04-01 04:18:08.508426,26,50,8.089512899286476,267,4,1
Hyderabad,17.385,78.4867,24,108,14,368,29,22,2026-04-01 04:18:08.510547,31,65,9.160346946721884,253,4,1
Bangalore,12.9716,77.5946,100,54,10,364,29,38,2026-04-01 04:18:08.512202,25,49,5.865444348527574,138,4,1
Visakhapatnam,17.6868,83.2185,87,91,9,178,20,28,2026-04-01 05:18:08.505117,24,60,2.997078661791081,10,5,1
Mumbai,19.076,72.8777,68,132,9,143,4,40,2026-04-01 05:18:08.506080,28,58,9.821522855047215,293,5,1
Delhi,28.7041,77.1025,95,42,26,387,17,60,2026-04-01 05:18:08.507405,25,66,7.652150157189291,149,5,1
Jammu and Kashmir,34.0837,74.7973,91,137,5,136,11,62,2026-04-01 05:18:08.508423,39,51,6.162335556790995,219,5,1
Hyderabad,17.385,78.4867,66,77,32,220,8,38,2026-04-01 05:18:08.510541,31,55,9.68807432416633,281,5,1
Bangalore,12.9716,77.5946,79,71,15,100,12,58,2026-04-01 05:18:08.512196,37,43,2.731250021753529,173,5,1
Visakhapatnam,17.6868,83.2185,56,124,38,253,14,38,2026-04-01 06:18:08.505113,24,69,2.23218260742706,146,6,1
Mumbai,19.076,72.8777,77,114,41,211,5,75,2026-04-01 06:18:08.506076,28,77,6.871604989774954,343,6,1
Delhi,28.7041,77.1025,116,94,41,282,8,69,2026-04-01 06:18:08.507401,22,89,4.4768670314091805,275,6,1
Jammu and Kashmir,34.0837,74.7973,95,131,35,179,8,36,2026-04-01 06:18:08.508419,37,51,8.37229443687691,249,6,1
Hyderabad,17.385,78.4867,86,76,26,141,13,37,2026-04-01 06:18:08.510535,24,84,5.241273688652727,213,6,1
Bangalore,12.9716,77.5946,42,52,15,182,27,68,2026-04-01 06:18:08.512188,37,45,1.131708493667679,193,6,1
Visakhapatnam,17.6868,83.2185,44,121,13,209,30,28,2026-04-01 07:18:08.505109,20,72,1.8761976706529837,333,7,1
Mumbai,19.076,72.8777,31,93,16,246,28,79,2026-04-01 07:18:08.506072,35,63,7.133039914365856,90,7,1
Delhi,28.7041,77.1025,69,66,42,211,10,25,2026-04-01 07:18:08.507395,20,42,3.26016147680164,324,7,1
Jammu and Kashmir,34.0837,74.7973,108,147,24,178,23,27,2026-04-01 07:18:08.508416,24,46,3.7595896114804894,38,7,1
Hyderabad,17.385,78.4867,110,72,49,115,11,71,2026-04-01 07:18:08.510527,34,82,4.433140335872557,327,7,1
Bangalore,12.9716,77.5946,79,31,13,146,5,76,2026-04-01 07:18:08.512182,29,40,9.629006523894216,254,7,1
Visakhapatnam,17.6868,83.2185,73,126,44,334,28,36,2026-04-01 08:18:08.505106,32,42,8.585296564973126,266,8,1
Mumbai,19.076,72.8777,48,32,40,389,17,39,2026-04-01 08:18:08.506069,36,70,2.262847350944339,185,8,1
Delhi,28.7041,77.1025,25,51,24,114,17,52,2026-04-01 08:18:08.507391,33,49,9.352930778439273,66,8,1
Jammu and Kashmir,34.0837,74.7973,79,33,7,114,29,71,2026-04-01 08:18:08.508412,38,66,2.222610308979043,61,8,1
Hyderabad,17.385,78.4867,51,72,35,102,13,65,2026-04-01 08:18:08.510521,40,62,6.471917472142144,68,8,1
Bangalore,12.9716,77.5946,50,34,9,398,30,73,2026-04-01 08:18:08.512176,31,53,7.604108769910987,206,8,1
Visakhapatnam,17.6868,83.2185,63,146,41,229,19,21,2026-04-01 09:18:08.505103,32,51,1.332289318690301,126,9,1
Mumbai,19.076,72.8777,98,61,26,113,6,61,2026-04-01 09:18:08.506065,27,48,2.6472516692556667,51,9,1
Delhi,28.7041,77.1025,49,64,19,272,20,79,2026-04-01 09:18:08.507388,30,64,9.741454183485482,216,9,1
Jammu and Kashmir,34.0837,74.7973,110,59,50,118,13,53,2026-04-01 09:18:08.508409,29,89,1.4436692782594007,293,9,1
Hyderabad,17.385,78.4867,84,77,30,212,30,60,2026-04-01 09:18:08.510514,28,49,5.24472761781027,182,9,1
Bangalore,12.9716,77.5946,32,120,37,165,22,57,2026-04-01 09:18:08.512170,23,48,8.935127681691093,120,9,1
Visakhapatnam,17.6868,83.2185,53,88,38,167,19,24,2026-04-01 10:18:08.505099,26,43,1.5162386534141958,26,10,1
Mumbai,19.076,72.8777,63,126,34,237,13,76,2026-04-01 10:18:08.506062,26,67,9.27145040481357,241,10,1
Delhi,28.7041,77.1025,90,65,42,118,3,15,2026-04-01 10:18:08.507384,39,56,3.1660855101903347,93,10,1
Jammu and Kashmir,34.0837,74.7973,27,90,28,200,25,52,2026-04-01 10:18:08.508406,31,78,1.692082475723228,239,10,1
Hyderabad,17.385,78.4867,93,150,44,185,15,18,2026-04-01 10:18:08.510506,28,90,2.8529623281389087,9,10,1
Bangalore,12.9716,77.5946,41,63,8,175,27,46,2026-04-01 10:18:08.512165,34,62,6.503486232890424,15,10,1
Visakhapatnam,17.6868,83.2185,69,150,16,289,25,29,2026-04-01 11:18:08.505096,40,49,8.385524539156902,112,11,1
Mumbai,19.076,72.8777,77,48,46,135,23,76,2026-04-01 11:18:08.506057,28,81,3.951224718786479,171,11,1
Delhi,28.7041,77.1025,54,88,9,288,6,23,2026-04-01 11:18:08.507381,36,51,1.9073075826882908,302,11,1
Jammu and Kashmir,34.0837,74.7973,105,116,40,137,30,30,2026-04-01 11:18:08.508402,40,83,9.1834706431363,196,11,1
Hyderabad,17.385,78.4867,94,94,46,198,29,10,2026-04-01 11:18:08.510500,40,55,5.871449057383948,255,11,1
Bangalore,12.9716,77.5946,113,91,32,343,14,47,2026-04-01 11:18:08.512159,21,42,8.761730462553146,345,11,1
Visakhapatnam,17.6868,83.2185,79,61,41,250,4,35,2026-04-01 12:18:08.505092,32,80,1.6559680056687638,127,12,1
Mumbai,19.076,72.8777,90,147,21,235,30,67,2026-04-01 12:18:08.506050,39,68,5.735901638094766,303,12,1
Delhi,28.7041,77.1025,40,147,18,166,5,58,2026-04-01 12:18:08.507377,26,65,7.31411307313331,160,12,1
Jammu and Kashmir,34.0837,74.7973,54,110,11,154,16,42,2026-04-01 12:18:08.508399,37,46,7.620408291901017,116,12,1
Hyderabad,17.385,78.4867,102,102,38,138,11,29,2026-04-01 12:18:08.510492,36,53,3.859855705592463,95,12,1
Bangalore,12.9716,77.5946,90,81,25,119,29,12,2026-04-01 12:18:08.512153,30,66,7.486442390357824,202,12,1
Visakhapatnam,17.6868,83.2185,100,69,12,257,13,40,2026-04-01 13:18:08.505089,36,64,7.07466948265564,14,13,1
Mumbai,19.076,72.8777,87,50,41,146,17,78,2026-04-01 13:18:08.506045,28,50,2.6309615168041285,99,13,1
Delhi,28.7041,77.1025,72,73,50,257,4,37,2026-04-01 13:18:08.507373,34,57,1.2696758430582853,243,13,1
Jammu and Kashmir,34.0837,74.7973,101,144,45,220,15,68,2026-04-01 13:18:08.508395,30,76,2.8130282202143704,23,13,1
Hyderabad,17.385,78.4867,120,140,6,294,4,28,2026-04-01 13:18:08.510486,40,61,7.878986046742585,13,13,1
Bangalore,12.9716,77.5946,36,33,19,396,22,38,2026-04-01 13:18:08.512148,25,52,1.955884243836176,3,13,1
Visakhapatnam,17.6868,83.2185,69,36,14,160,20,18,2026-04-01 14:18:08.505086,31,62,2.194089978467454,288,14,1
Mumbai,19.076,72.8777,62,97,26,345,5,71,2026-04-01 14:18:08.506040,38,67,7.527453730285763,328,14,1
Delhi,28.7041,77.1025,117,100,43,205,7,41,2026-04-01 14:18:08.507370,24,43,4.836318555082751,109,14,1
Jammu and Kashmir,34.0837,74.7973,58,51,7,194,16,74,2026-04-01 14:18:08.508391,37,41,3.801712840984176,210,14,1
Hyderabad,17.385,78.4867,67,144,19,357,18,32,2026-04-01 14:18:08.510480,25,53,9.99089052448694,330,14,1
Bangalore,12.9716,77.5946,51,34,46,263,19,48,2026-04-01 14:18:08.512141,20,43,9.23264041654026,81,14,1
Visakhapatnam,17.6868,83.2185,114,126,13,361,7,41,2026-04-01 15:18:08.505082,36,86,4.254415904710527,339,15,1
Mumbai,19.076,72.8777,50,121,31,155,3,31,2026-04-01 15:18:08.506034,20,56,7.932662452861609,130,15,1
Delhi,28.7041,77.1025,111,103,42,231,28,35,2026-04-01 15:18:08.507363,32,54,5.517045844815988,329,15,1
Jammu and Kashmir,34.0837,74.7973,90,55,46,123,29,10,2026-04-01 15:18:08.508385,29,47,8.004057988253718,9,15,1
Hyderabad,17.385,78.4867,76,53,42,355,30,78,2026-04-01 15:18:08.510465,27,86,3.332409098396444,170,15,1
Bangalore,12.9716,77.5946,79,144,24,226,13,15,2026-04-01 15:18:08.512135,25,44,1.6522740191435394,311,15,1
Visakhapatnam,17.6868,83.2185,91,40,16,126,3,78,2026-04-01 16:18:08.505078,37,43,7.061496870352646,318,16,1
Mumbai,19.076,72.8777,117,144,34,314,14,26,2026-04-01 16:18:08.506031,37,77,9.793496249557702,114,16,1
Delhi,28.7041,77.1025,105,75,35,152,6,72,2026-04-01 16:18:08.507357,22,63,8.258888723646148,110,16,1
Jammu and Kashmir,34.0837,74.7973,46,134,13,342,16,72,2026-04-01 16:18:08.508380,37,53,2.522880803360525,190,16,1
Hyderabad,17.385,78.4867,113,126,26,100,13,68,2026-04-01 16:18:08.510422,39,53,3.550554129953765,210,16,1
Bangalore,12.9716,77.5946,38,92,14,227,30,57,2026-04-01 16:18:08.512127,25,76,3.970850185016019,73,16,1
Visakhapatnam,17.6868,83.2185,23,99,37,190,20,17,2026-04-01 17:18:08.505075,37,72,3.8280403276030697,101,17,1
Mumbai,19.076,72.8777,99,74,13,350,12,48,2026-04-01 17:18:08.506028,37,54,4.624729931595564,36,17,1
Delhi,28.7041,77.1025,87,67,25,371,29,24,2026-04-01 17:18:08.507352,30,41,9.061368991251609,60,17,1
Jammu and Kashmir,34.0837,74.7973,46,126,30,326,15,38,2026-04-01 17:18:08.508374,39,83,5.201860578538241,103,17,1
Hyderabad,17.385,78.4867,108,50,30,330,25,23,2026-04-01 17:18:08.510415,29,45,6.519709497481136,46,17,1
Bangalore,12.9716,77.5946,81,137,36,370,2,58,2026-04-01 17:18:08.512120,21,62,1.221945036102527,319,17,1
Visakhapatnam,17.6868,83.2185,85,124,25,371,16,55,2026-04-01 18:18:08.505071,36,49,5.981519445073889,227,18,1
Mumbai,19.076,72.8777,57,89,48,382,28,50,2026-04-01 18:18:08.506024,24,42,6.640810106647717,248,18,1
Delhi,28.7041,77.1025,37,95,20,118,17,42,2026-04-01 18:18:08.507345,34,48,8.239694213075031,300,18,1
Jammu and Kashmir,34.0837,74.7973,79,54,29,311,20,15,2026-04-01 18:18:08.508371,32,80,4.363962341590797,311,18,1
Hyderabad,17.385,78.4867,99,130,9,304,12,38,2026-04-01 18:18:08.510408,33,53,9.837158773719974,7,18,1
Bangalore,12.9716,77.5946,91,91,12,192,18,62,2026-04-01 18:18:08.512111,38,68,1.511849207659105,313,18,1
Visakhapatnam,17.6868,83.2185,82,121,45,375,8,28,2026-04-01 19:18:08.505067,39,60,1.105376934223543,321,19,1
Mumbai,19.076,72.8777,77,103,37,284,11,18,2026-04-01 19:18:08.506021,21,50,5.516361400724075,359,19,1
Delhi,28.7041,77.1025,33,82,21,298,3,23,2026-04-01 19:18:08.507341,24,87,8.469680268447256,11,19,1
Jammu and Kashmir,34.0837,74.7973,83,73,7,195,11,20,2026-04-01 19:18:08.508367,36,64,3.0137729622173626,124,19,1
Hyderabad,17.385,78.4867,33,79,41,167,27,68,2026-04-01 19:18:08.510401,27,54,5.855448556481019,118,19,1
Bangalore,12.9716,77.5946,102,82,34,130,24,22,2026-04-01 19:18:08.512103,24,59,9.980015830810588,72,19,1
Visakhapatnam,17.6868,83.2185,78,95,23,289,12,41,2026-04-01 20:18:08.505064,40,64,6.106552446254019,239,20,1
Mumbai,19.076,72.8777,24,91,24,227,19,65,2026-04-01 20:18:08.506017,28,86,4.390556761707541,73,20,1
Delhi,28.7041,77.1025,107,71,10,111,5,77,2026-04-01 20:18:08.507338,28,82,2.6243517934950984,262,20,1
Jammu and Kashmir,34.0837,74.7973,112,70,6,129,12,23,2026-04-01 20:18:08.508364,34,46,6.157516350204998,122,20,1
Hyderabad,17.385,78.4867,112,82,45,193,9,78,2026-04-01 20:18:08.510394,33,52,5.757799163419877,343,20,1
Bangalore,12.9716,77.5946,32,35,6,191,28,10,2026-04-01 20:18:08.512096,39,72,4.211141182561594,126,20,1
Visakhapatnam,17.6868,83.2185,42,145,26,376,4,74,2026-04-01 21:18:08.505060,22,71,1.5661232602487567,320,21,1
Mumbai,19.076,72.8777,20,125,17,141,23,58,2026-04-01 21:18:08.506014,36,84,2.265663154817922,288,21,1
Delhi,28.7041,77.1025,23,63,9,164,27,43,2026-04-01 21:18:08.507334,35,46,3.07793379785665,181,21,1
Jammu and Kashmir,34.0837,74.7973,106,56,37,102,15,80,2026-04-01 21:18:08.508360,27,77,9.709169179153418,40,21,1
Hyderabad,17.385,78.4867,59,52,43,260,7,58,2026-04-01 21:18:08.510387,30,58,5.161717953035097,106,21,1
Bangalore,12.9716,77.5946,108,54,19,253,14,19,2026-04-01 21:18:08.512089,38,64,9.155860562149636,214,21,1
Visakhapatnam,17.6868,83.2185,77,64,39,222,29,50,2026-04-01 22:18:08.505057,29,50,6.000568547810277,65,22,1
Mumbai,19.076,72.8777,44,99,24,356,14,42,2026-04-01 22:18:08.506011,39,64,5.909534733203544,328,22,1
Delhi,28.7041,77.1025,89,59,28,300,19,47,2026-04-01 22:18:08.507330,35,90,2.192852093665264,130,22,1
Jammu and Kashmir,34.0837,74.7973,103,39,8,310,9,79,2026-04-01 22:18:08.508357,21,44,2.0451849716772594,79,22,1
Hyderabad,17.385,78.4867,108,146,7,347,21,66,2026-04-01 22:18:08.510380,24,86,5.0330039105691045,249,22,1
Bangalore,12.9716,77.5946,114,85,33,281,12,15,2026-04-01 22:18:08.512077,20,72,5.6067489185757005,99,22,1
Visakhapatnam,17.6868,83.2185,99,119,19,372,4,73,2026-04-01 23:18:08.505052,21,73,9.133550935023749,5,23,1
Mumbai,19.076,72.8777,64,95,18,179,28,55,2026-04-01 23:18:08.506007,23,80,2.30548993529475,337,23,1
Delhi,28.7041,77.1025,101,75,29,123,19,57,2026-04-01 23:18:08.507327,31,90,7.550296955594058,72,23,1
Jammu and Kashmir,34.0837,74.7973,75,123,12,323,18,29,2026-04-01 23:18:08.508353,32,87,9.76001644682462,204,23,1
Hyderabad,17.385,78.4867,70,44,28,303,28,49,2026-04-01 23:18:08.510373,25,61,8.636495101602744,192,23,1
Bangalore,12.9716,77.5946,109,116,30,122,19,67,2026-04-01 23:18:08.512069,33,84,1.358357951473581,40,23,1
Visakhapatnam,17.6868,83.2185,58,79,26,281,24,33,2026-04-02 00:18:08.505046,33,89,2.8019337887368616,260,0,2
Mumbai,19.076,72.8777,94,54,44,109,11,60,2026-04-02 00:18:08.506004,36,88,2.9097511292454934,233,0,2
Delhi,28.7041,77.1025,57,149,50,307,27,31,2026-04-02 00:18:08.507324,26,89,3.318821003253899,113,0,2
Jammu and Kashmir,34.0837,74.7973,120,43,24,354,21,16,2026-04-02 00:18:08.508348,38,64,2.6686674976812963,285,0,2
Hyderabad,17.385,78.4867,100,92,11,329,2,71,2026-04-02 00:18:08.510365,38,74,6.917877373468128,191,0,2
Bangalore,12.9716,77.5946,56,32,38,342,11,26,2026-04-02 00:18:08.512063,39,59,4.928242789073252,172,0,2
Visakhapatnam,17.6868,83.2185,97,66,6,268,23,27,2026-04-02 01:18:08.505040,29,57,5.512945072331531,156,1,2
Mumbai,19.076,72.8777,93,142,14,305,3,57,2026-04-02 01:18:08.506001,40,68,1.8408979882352965,140,1,2
Delhi,28.7041,77.1025,76,96,28,160,14,48,2026-04-02 01:18:08.507320,31,89,8.066666312839898,232,1,2
Jammu and Kashmir,34.0837,74.7973,41,121,18,138,21,14,2026-04-02 01:18:08.508345,34,89,6.696256080352775,147,1,2
Hyderabad,17.385,78.4867,54,89,29,109,27,62,2026-04-02 01:18:08.510356,26,47,3.7944081758538175,214,1,2
Bangalore,12.9716,77.5946,111,116,22,222,11,35,2026-04-02 01:18:08.512056,25,83,4.628579941167524,244,1,2
Visakhapatnam,17.6868,83.2185,96,96,14,367,11,51,2026-04-02 02:18:08.505034,34,88,3.777773940125637,39,2,2
Mumbai,19.076,72.8777,50,55,15,107,28,32,2026-04-02 02:18:08.505997,36,41,1.8595298461399967,184,2,2
Delhi,28.7041,77.1025,110,87,50,245,21,30,2026-04-02 02:18:08.507317,24,49,2.3867899362468368,329,2,2
Jammu and Kashmir,34.0837,74.7973,46,122,11,219,10,76,2026-04-02 02:18:08.508341,31,43,6.067655571722039,118,2,2
Hyderabad,17.385,78.4867,31,71,46,262,7,24,2026-04-02 02:18:08.510349,32,68,1.4995207973384632,326,2,2
Bangalore,12.9716,77.5946,51,64,26,229,11,41,2026-04-02 02:18:08.512050,27,68,4.040306224779121,357,2,2
Visakhapatnam,17.6868,83.2185,118,72,18,128,16,74,2026-04-02 03:18:08.505029,36,86,4.577607270407432,79,3,2
Mumbai,19.076,72.8777,55,40,26,301,4,37,2026-04-02 03:18:08.505994,39,60,6.481497876641507,154,3,2
Delhi,28.7041,77.1025,83,65,41,344,10,35,2026-04-02 03:18:08.507313,32,81,3.2521445221734377,142,3,2
Jammu and Kashmir,34.0837,74.7973,64,127,34,177,15,39,2026-04-02 03:18:08.508338,26,46,6.098969891881277,348,3,2
Hyderabad,17.385,78.4867,87,34,25,194,5,19,2026-04-02 03:18:08.510342,30,76,9.66390947676298,27,3,2
Bangalore,12.9716,77.5946,108,133,9,273,11,38,2026-04-02 03:18:08.512043,31,90,8.06304160670691,269,3,2
Visakhapatnam,17.6868,83.2185,109,107,41,154,12,80,2026-04-02 04:18:08.505026,40,50,5.22736190872929,81,4,2
Mumbai,19.076,72.8777,112,145,48,349,14,74,2026-04-02 04:18:08.505990,27,83,9.026606709681404,279,4,2
Delhi,28.7041,77.1025,32,140,21,199,10,56,2026-04-02 04:18:08.507309,34,66,2.347266533073688,157,4,2
Jammu and Kashmir,34.0837,74.7973,87,147,16,172,3,56,2026-04-02 04:18:08.508334,23,89,4.297685808641459,308,4,2
Hyderabad,17.385,78.4867,86,51,5,286,6,69,2026-04-02 04:18:08.510335,39,89,4.582352361055172,339,4,2
Bangalore,12.9716,77.5946,87,55,47,277,9,64,2026-04-02 04:18:08.512036,24,90,3.269516127775547,217,4,2
Visakhapatnam,17.6868,83.2185,88,75,50,290,13,75,2026-04-02 05:18:08.505022,24,88,6.611451705766345,145,5,2
Mumbai,19.076,72.8777,85,135,14,132,22,54,2026-04-02 05:18:08.505987,22,87,1.9232063487840485,186,5,2
Delhi,28.7041,77.1025,94,35,37,315,18,68,2026-04-02 05:18:08.507306,34,58,7.347042464690581,197,5,2
Jammu and Kashmir,34.0837,74.7973,41,136,32,345,29,66,2026-04-02 05:18:08.508331,20,45,2.2018545183230747,201,5,2
Hyderabad,17.385,78.4867,87,141,30,257,20,17,2026-04-02 05:18:08.510328,39,82,4.730475376051928,182,5,2
Bangalore,12.9716,77.5946,98,149,39,170,13,47,2026-04-02 05:18:08.512030,30,40,4.685189335640361,222,5,2
Visakhapatnam,17.6868,83.2185,98,137,48,284,3,31,2026-04-02 06:18:08.505019,21,46,1.7167707855909686,331,6,2
Mumbai,19.076,72.8777,23,114,49,243,14,16,2026-04-02 06:18:08.505983,29,42,3.393960759878615,277,6,2
Delhi,28.7041,77.1025,45,92,46,385,10,58,2026-04-02 06:18:08.507302,36,62,2.249332113810937,341,6,2
Jammu and Kashmir,34.0837,74.7973,55,147,38,201,10,79,2026-04-02 06:18:08.508326,33,41,9.118289920356766,18,6,2
Hyderabad,17.385,78.4867,57,92,46,301,11,69,2026-04-02 06:18:08.510319,32,47,3.317952356417219,59,6,2
Bangalore,12.9716,77.5946,24,121,18,184,26,12,2026-04-02 06:18:08.512023,32,87,9.840339042337993,268,6,2
Visakhapatnam,17.6868,83.2185,98,90,16,102,29,23,2026-04-02 07:18:08.505015,29,50,2.094453093785126,286,7,2
Mumbai,19.076,72.8777,70,61,37,391,19,23,2026-04-02 07:18:08.505977,31,52,4.2645996514128175,350,7,2
Delhi,28.7041,77.1025,30,129,33,380,15,40,2026-04-02 07:18:08.507297,23,50,6.887536357713323,23,7,2
Jammu and Kashmir,34.0837,74.7973,118,51,32,395,29,80,2026-04-02 07:18:08.508323,24,78,1.2718829224709909,70,7,2
Hyderabad,17.385,78.4867,28,120,17,138,22,39,2026-04-02 07:18:08.510312,40,66,5.661765524300392,74,7,2
Bangalore,12.9716,77.5946,117,80,23,384,11,14,2026-04-02 07:18:08.512017,34,80,3.586442456464245,65,7,2
Visakhapatnam,17.6868,83.2185,58,35,14,350,5,20,2026-04-02 08:18:08.505012,31,45,9.567164918115918,136,8,2
Mumbai,19.076,72.8777,60,127,40,389,15,57,2026-04-02 08:18:08.505974,37,73,8.033071230264518,138,8,2
Delhi,28.7041,77.1025,20,145,49,225,30,66,2026-04-02 08:18:08.507293,27,76,9.612818029901446,175,8,2
Jammu and Kashmir,34.0837,74.7973,113,98,47,188,22,71,2026-04-02 08:18:08.508319,24,65,1.082278195308889,105,8,2
Hyderabad,17.385,78.4867,83,65,27,342,8,79,2026-04-02 08:18:08.510305,30,89,7.917793475093229,27,8,2
Bangalore,12.9716,77.5946,31,113,7,286,20,56,2026-04-02 08:18:08.512011,31,41,4.557167410164679,318,8,2
Visakhapatnam,17.6868,83.2185,119,149,23,178,20,25,2026-04-02 09:18:08.505008,28,53,6.456210827425101,252,9,2
Mumbai,19.076,72.8777,101,121,18,186,26,60,2026-04-02 09:18:08.505970,30,41,5.35123075059676,133,9,2
Delhi,28.7041,77.1025,50,66,48,350,30,18,2026-04-02 09:18:08.507289,32,41,8.702886422687788,193,9,2
Jammu and Kashmir,34.0837,74.7973,99,70,47,385,25,36,2026-04-02 09:18:08.508316,23,40,6.165817562591348,199,9,2
Hyderabad,17.385,78.4867,118,148,15,212,18,29,2026-04-02 09:18:08.510298,26,47,1.885551047144797,244,9,2
Bangalore,12.9716,77.5946,43,119,17,250,7,42,2026-04-02 09:18:08.512006,23,82,9.947759065772267,11,9,2
Visakhapatnam,17.6868,83.2185,120,134,37,181,18,40,2026-04-02 10:18:08.505005,28,84,1.5301032573757718,307,10,2
Mumbai,19.076,72.8777,100,80,36,291,29,64,2026-04-02 10:18:08.505967,35,78,4.575500965602874,346,10,2
Delhi,28.7041,77.1025,105,150,22,115,22,23,2026-04-02 10:18:08.507132,20,55,3.814584488115095,71,10,2
Jammu and Kashmir,34.0837,74.7973,38,121,12,328,12,40,2026-04-02 10:18:08.508313,32,79,7.303312482260937,300,10,2
Hyderabad,17.385,78.4867,85,104,16,216,4,44,2026-04-02 10:18:08.510284,22,83,6.976847018155,189,10,2
Bangalore,12.9716,77.5946,35,140,33,292,5,53,2026-04-02 10:18:08.512000,25,53,6.127333145846294,112,10,2
Visakhapatnam,17.6868,83.2185,101,100,10,309,5,73,2026-04-02 11:18:08.505001,26,56,5.539317628205406,43,11,2
Mumbai,19.076,72.8777,56,61,33,133,25,72,2026-04-02 11:18:08.505963,27,57,6.654040700710498,20,11,2
Delhi,28.7041,77.1025,103,31,43,127,18,59,2026-04-02 11:18:08.507128,29,72,1.278946868675558,159,11,2
Jammu and Kashmir,34.0837,74.7973,21,71,36,148,10,51,2026-04-02 11:18:08.508309,40,55,7.18591076124227,94,11,2
Hyderabad,17.385,78.4867,90,118,31,327,4,60,2026-04-02 11:18:08.510258,22,77,7.382706013025082,183,11,2
Bangalore,12.9716,77.5946,50,67,39,207,11,50,2026-04-02 11:18:08.511994,36,88,7.334016356691805,337,11,2
Visakhapatnam,17.6868,83.2185,56,122,8,225,6,16,2026-04-02 12:18:08.504997,36,72,8.410124982238521,42,12,2
Mumbai,19.076,72.8777,64,97,43,279,19,77,2026-04-02 12:18:08.505960,40,54,2.8846981696350884,317,12,2
Delhi,28.7041,77.1025,116,126,21,313,17,55,2026-04-02 12:18:08.507125,22,53,5.665663469897614,114,12,2
Jammu and Kashmir,34.0837,74.7973,38,70,7,295,21,34,2026-04-02 12:18:08.508305,23,48,2.0801406356941623,90,12,2
Hyderabad,17.385,78.4867,41,130,8,351,2,68,2026-04-02 12:18:08.510252,31,65,1.4632032912797437,108,12,2
Bangalore,12.9716,77.5946,111,129,38,321,9,69,2026-04-02 12:18:08.511987,30,88,6.383362835344111,163,12,2
Visakhapatnam,17.6868,83.2185,63,53,14,187,19,28,2026-04-02 13:18:08.504994,27,65,3.57051703500865,76,13,2
Mumbai,19.076,72.8777,38,139,20,138,29,57,2026-04-02 13:18:08.505955,38,86,2.292140763157656,351,13,2
Delhi,28.7041,77.1025,77,134,35,241,29,16,2026-04-02 13:18:08.507120,22,78,7.758076083962152,206,13,2
Jammu and Kashmir,34.0837,74.7973,21,115,42,177,25,47,2026-04-02 13:18:08.508301,39,90,2.639027723035533,125,13,2
Hyderabad,17.385,78.4867,76,146,43,180,26,49,2026-04-02 13:18:08.510245,24,82,8.75120958630599,115,13,2
Bangalore,12.9716,77.5946,81,81,11,264,19,59,2026-04-02 13:18:08.511981,27,44,7.490841006619843,96,13,2
Visakhapatnam,17.6868,83.2185,70,72,22,234,13,32,2026-04-02 14:18:08.504991,37,65,2.4443217250012643,39,14,2
Mumbai,19.076,72.8777,97,57,9,244,28,62,2026-04-02 14:18:08.505949,39,48,5.10642959927577,48,14,2
Delhi,28.7041,77.1025,63,88,7,241,26,69,2026-04-02 14:18:08.507116,26,65,5.061539224013416,133,14,2
Jammu and Kashmir,34.0837,74.7973,64,89,12,104,7,29,2026-04-02 14:18:08.508297,29,57,3.906728954381913,332,14,2
Hyderabad,17.385,78.4867,118,114,11,334,26,50,2026-04-02 14:18:08.510238,24,85,6.57398598230571,342,14,2
Bangalore,12.9716,77.5946,23,57,50,378,9,67,2026-04-02 14:18:08.511975,34,64,1.8176588268132523,349,14,2
Visakhapatnam,17.6868,83.2185,47,121,49,389,26,10,2026-04-02 15:18:08.504988,30,51,3.1453372615195745,349,15,2
Mumbai,19.076,72.8777,110,61,14,270,8,25,2026-04-02 15:18:08.505944,30,79,6.438479132799247,204,15,2
Delhi,28.7041,77.1025,54,132,7,314,3,50,2026-04-02 15:18:08.507113,34,89,5.841325103945305,320,15,2
Jammu and Kashmir,34.0837,74.7973,39,74,9,354,26,40,2026-04-02 15:18:08.508293,38,48,3.237533327581942,7,15,2
Hyderabad,17.385,78.4867,26,80,15,286,27,44,2026-04-02 15:18:08.510231,34,89,3.1154911403475314,19,15,2
Bangalore,12.9716,77.5946,94,72,17,146,29,78,2026-04-02 15:18:08.511968,34,45,1.6862645678715764,143,15,2
Visakhapatnam,17.6868,83.2185,102,97,47,177,17,17,2026-04-02 16:18:08.504984,30,51,1.84001199912981,352,16,2
Mumbai,19.076,72.8777,77,117,11,289,11,19,2026-04-02 16:18:08.505938,24,55,9.430406010221496,272,16,2
Delhi,28.7041,77.1025,27,117,31,245,29,30,2026-04-02 16:18:08.507109,39,58,6.547561908829235,80,16,2
Jammu and Kashmir,34.0837,74.7973,82,117,6,217,8,58,2026-04-02 16:18:08.508287,32,68,6.625107197384709,343,16,2
Hyderabad,17.385,78.4867,67,130,44,185,3,36,2026-04-02 16:18:08.510225,40,79,2.9067842489097,232,16,2
Bangalore,12.9716,77.5946,66,124,21,349,12,50,2026-04-02 16:18:08.511962,37,48,3.442256376253308,262,16,2
Visakhapatnam,17.6868,83.2185,118,49,38,208,21,46,2026-04-02 17:18:08.504981,25,83,5.423213121934238,172,17,2
Mumbai,19.076,72.8777,83,116,12,257,20,53,2026-04-02 17:18:08.505933,27,42,8.876862466850662,203,17,2
Delhi,28.7041,77.1025,101,131,9,169,15,16,2026-04-02 17:18:08.507106,36,84,2.660703340887225,182,17,2
Jammu and Kashmir,34.0837,74.7973,49,106,13,371,19,38,2026-04-02 17:18:08.508281,35,76,5.738163846389309,169,17,2
Hyderabad,17.385,78.4867,50,65,15,133,18,19,2026-04-02 17:18:08.510218,38,64,3.313367628986896,236,17,2
Bangalore,12.9716,77.5946,50,138,21,214,19,36,2026-04-02 17:18:08.511955,39,55,3.5873678758117125,295,17,2
Visakhapatnam,17.6868,83.2185,67,48,49,198,25,18,2026-04-02 18:18:08.504977,37,74,3.5890809006675948,62,18,2
Mumbai,19.076,72.8777,33,55,30,253,20,41,2026-04-02 18:18:08.505929,28,49,8.283420384324055,282,18,2
Delhi,28.7041,77.1025,87,52,45,335,20,53,2026-04-02 18:18:08.507102,39,85,2.278952743560751,285,18,2
Jammu and Kashmir,34.0837,74.7973,65,120,24,143,10,75,2026-04-02 18:18:08.508276,30,42,2.412502090705003,345,18,2
Hyderabad,17.385,78.4867,107,91,18,133,30,19,2026-04-02 18:18:08.510211,20,60,4.361489728393628,146,18,2
Bangalore,12.9716,77.5946,61,38,16,193,9,38,2026-04-02 18:18:08.511949,24,64,8.74781423714473,356,18,2
Visakhapatnam,17.6868,83.2185,51,49,33,202,13,59,2026-04-02 19:18:08.504974,29,59,9.726139393839386,271,19,2
Mumbai,19.076,72.8777,75,116,21,230,3,78,2026-04-02 19:18:08.505926,40,90,2.770113201563439,44,19,2
Delhi,28.7041,77.1025,43,78,39,237,8,25,2026-04-02 19:18:08.507099,35,81,8.643936690689808,293,19,2
Jammu and Kashmir,34.0837,74.7973,53,121,15,379,9,14,2026-04-02 19:18:08.508271,40,77,6.326130613766855,194,19,2
Hyderabad,17.385,78.4867,47,96,27,347,12,30,2026-04-02 19:18:08.510204,28,65,9.108936946185809,129,19,2
Bangalore,12.9716,77.5946,91,84,19,393,27,29,2026-04-02 19:18:08.511942,32,69,3.292918758352292,343,19,2
Visakhapatnam,17.6868,83.2185,119,86,45,182,25,57,2026-04-02 20:18:08.504970,27,84,8.903138116643849,268,20,2
Mumbai,19.076,72.8777,49,49,46,238,18,13,2026-04-02 20:18:08.505923,35,88,5.969452354279124,329,20,2
Delhi,28.7041,77.1025,110,43,12,270,13,32,2026-04-02 20:18:08.507093,40,56,3.3404725804244357,67,20,2
Jammu and Kashmir,34.0837,74.7973,85,124,31,188,4,18,2026-04-02 20:18:08.508268,24,42,3.4231034121576998,313,20,2
Hyderabad,17.385,78.4867,65,114,30,107,20,78,2026-04-02 20:18:08.510198,32,57,1.6554995601563594,273,20,2
Bangalore,12.9716,77.5946,120,77,47,214,16,80,2026-04-02 20:18:08.511935,27,67,8.087724397699361,79,20,2
Visakhapatnam,17.6868,83.2185,65,123,20,379,25,74,2026-04-02 21:18:08.504967,22,90,7.224651254565788,30,21,2
Mumbai,19.076,72.8777,51,108,18,145,11,69,2026-04-02 21:18:08.505919,20,53,1.5815597184455004,77,21,2
Delhi,28.7041,77.1025,71,88,12,382,29,48,2026-04-02 21:18:08.507089,35,56,7.206670926283533,220,21,2
Jammu and Kashmir,34.0837,74.7973,76,77,17,242,26,17,2026-04-02 21:18:08.508265,29,81,6.0453477463929,87,21,2
Hyderabad,17.385,78.4867,119,141,7,176,10,37,2026-04-02 21:18:08.510191,25,76,7.393071780272981,228,21,2
Bangalore,12.9716,77.5946,41,127,28,289,6,36,2026-04-02 21:18:08.511928,38,48,1.817795159946921,124,21,2
Visakhapatnam,17.6868,83.2185,120,149,25,370,11,80,2026-04-02 22:18:08.504963,40,45,4.113019040669832,61,22,2
Mumbai,19.076,72.8777,72,149,25,356,12,63,2026-04-02 22:18:08.505916,21,78,7.440645605982367,238,22,2
Delhi,28.7041,77.1025,114,97,19,348,27,34,2026-04-02 22:18:08.507085,27,67,7.432427352917672,18,22,2
Jammu and Kashmir,34.0837,74.7973,94,76,46,225,5,16,2026-04-02 22:18:08.508261,20,44,2.869711366485108,252,22,2
Hyderabad,17.385,78.4867,94,61,34,345,29,35,2026-04-02 22:18:08.510184,40,83,9.955151335687956,144,22,2
Bangalore,12.9716,77.5946,46,124,34,309,14,24,2026-04-02 22:18:08.511921,40,82,2.814637570771504,203,22,2
Visakhapatnam,17.6868,83.2185,59,39,10,282,20,43,2026-04-02 23:18:08.504960,23,51,6.689443088815704,340,23,2
Mumbai,19.076,72.8777,45,142,23,223,11,77,2026-04-02 23:18:08.505912,38,67,9.224194631487196,262,23,2
Delhi,28.7041,77.1025,61,117,28,216,21,44,2026-04-02 23:18:08.507079,28,78,3.484692562306145,151,23,2
Jammu and Kashmir,34.0837,74.7973,63,31,17,220,27,47,2026-04-02 23:18:08.508258,20,89,1.9945602204598625,220,23,2
Hyderabad,17.385,78.4867,39,132,11,363,18,34,2026-04-02 23:18:08.510177,25,51,1.0449171304580624,199,23,2
Bangalore,12.9716,77.5946,62,53,15,270,14,64,2026-04-02 23:18:08.511914,38,83,4.945813681203987,145,23,2
Visakhapatnam,17.6868,83.2185,41,143,18,397,27,52,2026-04-03 00:18:08.504956,20,71,6.972248251364003,333,0,3
Mumbai,19.076,72.8777,89,37,38,159,21,17,2026-04-03 00:18:08.505909,26,73,7.370145125584976,293,0,3
Delhi,28.7041,77.1025,109,33,42,230,17,70,2026-04-03 00:18:08.507072,30,63,9.938534935204116,289,0,3
Jammu and Kashmir,34.0837,74.7973,90,97,29,112,26,30,2026-04-03 00:18:08.508254,40,69,8.257008768457014,88,0,3
Hyderabad,17.385,78.4867,94,42,7,358,17,75,2026-04-03 00:18:08.510170,27,55,8.405484980523761,255,0,3
Bangalore,12.9716,77.5946,80,108,42,118,11,15,2026-04-03 00:18:08.511907,31,46,2.1944625893141048,276,0,3
Visakhapatnam,17.6868,83.2185,74,76,30,209,9,63,2026-04-03 01:18:08.504952,32,60,3.627087511093733,142,1,3
Mumbai,19.076,72.8777,120,57,38,315,24,28,2026-04-03 01:18:08.505905,30,72,9.004605896296319,171,1,3
Delhi,28.7041,77.1025,109,139,10,104,18,54,2026-04-03 01:18:08.507067,26,66,8.053278098458051,331,1,3
Jammu and Kashmir,34.0837,74.7973,110,40,22,295,15,14,2026-04-03 01:18:08.508249,20,56,9.525662811112172,150,1,3
Hyderabad,17.385,78.4867,118,31,11,153,14,77,2026-04-03 01:18:08.510159,34,55,7.177903901722799,235,1,3
Bangalore,12.9716,77.5946,61,57,45,195,20,38,2026-04-03 01:18:08.511901,23,54,4.285833249186669,341,1,3
Visakhapatnam,17.6868,83.2185,88,31,48,239,6,63,2026-04-03 02:18:08.504946,25,73,1.154598957594367,253,2,3
Mumbai,19.076,72.8777,84,85,32,378,5,67,2026-04-03 02:18:08.505902,29,67,1.0376049081877636,32,2,3
Delhi,28.7041,77.1025,111,32,6,267,16,14,2026-04-03 02:18:08.507061,35,75,3.204389082578827,233,2,3
Jammu and Kashmir,34.0837,74.7973,31,125,20,285,5,54,2026-04-03 02:18:08.508245,33,57,7.372858641220194,277,2,3
Hyderabad,17.385,78.4867,72,55,6,279,8,50,2026-04-03 02:18:08.510151,38,79,7.641783103631711,65,2,3
Bangalore,12.9716,77.5946,90,92,38,239,4,32,2026-04-03 02:18:08.511894,26,53,9.864756422680886,137,2,3
Visakhapatnam,17.6868,83.2185,21,59,14,355,17,32,2026-04-03 03:18:08.504939,32,54,3.3810881630759577,336,3,3
Mumbai,19.076,72.8777,21,138,28,368,16,28,2026-04-03 03:18:08.505897,39,78,2.2657870215774034,232,3,3
Delhi,28.7041,77.1025,114,142,25,163,5,52,2026-04-03 03:18:08.507055,34,62,1.1858183952997277,310,3,3
Jammu and Kashmir,34.0837,74.7973,44,132,25,189,21,78,2026-04-03 03:18:08.508242,39,45,5.936603727390677,83,3,3
Hyderabad,17.385,78.4867,87,35,10,273,8,29,2026-04-03 03:18:08.510137,31,78,7.837632318593348,263,3,3
Bangalore,12.9716,77.5946,80,87,41,340,6,48,2026-04-03 03:18:08.511886,30,64,3.559486765322835,24,3,3
Visakhapatnam,17.6868,83.2185,66,68,27,306,3,36,2026-04-03 04:18:08.504934,23,66,5.962691303347833,298,4,3
Mumbai,19.076,72.8777,43,110,29,331,7,75,2026-04-03 04:18:08.505894,28,50,8.632866093227065,192,4,3
Delhi,28.7041,77.1025,55,43,42,372,11,63,2026-04-03 04:18:08.507052,28,69,5.590132518458489,352,4,3
Jammu and Kashmir,34.0837,74.7973,48,88,11,344,5,76,2026-04-03 04:18:08.508239,29,47,7.273745451148457,94,4,3
Hyderabad,17.385,78.4867,28,142,41,271,14,43,2026-04-03 04:18:08.509953,39,60,3.411878094312349,113,4,3
Bangalore,12.9716,77.5946,120,120,19,195,22,43,2026-04-03 04:18:08.511880,22,50,1.892456307373085,119,4,3
Visakhapatnam,17.6868,83.2185,42,63,47,284,13,11,2026-04-03 05:18:08.504929,22,45,7.137257163996566,262,5,3
Mumbai,19.076,72.8777,52,33,21,287,17,41,2026-04-03 05:18:08.505891,29,88,9.514354348380255,144,5,3
Delhi,28.7041,77.1025,64,84,39,391,29,33,2026-04-03 05:18:08.507048,24,54,4.119498248671222,290,5,3
Jammu and Kashmir,34.0837,74.7973,29,131,5,370,6,34,2026-04-03 05:18:08.508235,33,78,5.891770588093677,248,5,3
Hyderabad,17.385,78.4867,100,49,46,308,14,20,2026-04-03 05:18:08.509948,40,45,3.818672315309115,151,5,3
Bangalore,12.9716,77.5946,62,90,8,165,4,80,2026-04-03 05:18:08.511873,37,76,1.5793778238615432,179,5,3
Visakhapatnam,17.6868,83.2185,97,39,5,198,15,52,2026-04-03 06:18:08.504925,25,56,2.797286727718564,99,6,3
Mumbai,19.076,72.8777,49,61,8,297,21,53,2026-04-03 06:18:08.505887,25,47,1.63226815503846,338,6,3
Delhi,28.7041,77.1025,64,83,30,110,16,48,2026-04-03 06:18:08.507044,33,52,3.615018755041896,264,6,3
Jammu and Kashmir,34.0837,74.7973,74,107,32,255,6,42,2026-04-03 06:18:08.508232,21,77,1.392817157101088,280,6,3
Hyderabad,17.385,78.4867,32,119,22,329,21,69,2026-04-03 06:18:08.509943,20,49,8.313526574493995,127,6,3
Bangalore,12.9716,77.5946,81,53,42,327,27,59,2026-04-03 06:18:08.511866,25,54,4.370651905604952,70,6,3
Visakhapatnam,17.6868,83.2185,99,131,45,184,30,79,2026-04-03 07:18:08.504921,32,43,9.671575822022133,30,7,3
Mumbai,19.076,72.8777,80,75,47,135,25,64,2026-04-03 07:18:08.505884,38,74,1.8587875847932072,75,7,3
Delhi,28.7041,77.1025,107,140,8,188,29,48,2026-04-03 07:18:08.507041,26,90,3.087924945762337,211,7,3
Jammu and Kashmir,34.0837,74.7973,109,45,32,311,17,40,2026-04-03 07:18:08.508228,34,74,9.66404798806968,258,7,3
Hyderabad,17.385,78.4867,104,75,34,207,5,17,2026-04-03 07:18:08.509937,39,52,2.896291516811773,123,7,3
Bangalore,12.9716,77.5946,40,66,30,182,6,18,2026-04-03 07:18:08.511858,24,85,6.8873232807560285,15,7,3
Visakhapatnam,17.6868,83.2185,119,146,37,245,28,30,2026-04-03 08:18:08.504918,26,61,9.9933955958899,50,8,3
Mumbai,19.076,72.8777,31,117,41,237,18,26,2026-04-03 08:18:08.505880,33,89,5.7319912115585225,349,8,3
Delhi,28.7041,77.1025,95,102,35,227,2,41,2026-04-03 08:18:08.507037,35,76,3.283335254157284,193,8,3
Jammu and Kashmir,34.0837,74.7973,111,122,30,374,3,32,2026-04-03 08:18:08.508225,25,58,2.835710197761459,80,8,3
Hyderabad,17.385,78.4867,89,137,10,310,17,54,2026-04-03 08:18:08.509932,20,40,1.1006850709852698,168,8,3
Bangalore,12.9716,77.5946,60,54,12,136,6,30,2026-04-03 08:18:08.511852,36,67,2.6081227938584752,243,8,3
Visakhapatnam,17.6868,83.2185,35,40,46,331,20,40,2026-04-03 09:18:08.504915,40,51,6.417990531453057,151,9,3
Mumbai,19.076,72.8777,64,38,18,170,10,29,2026-04-03 09:18:08.505877,29,85,6.398948930021476,252,9,3
Delhi,28.7041,77.1025,33,51,47,200,22,77,2026-04-03 09:18:08.507031,22,64,4.166571076927045,304,9,3
Jammu and Kashmir,34.0837,74.7973,78,121,19,376,4,27,2026-04-03 09:18:08.508221,30,49,3.441168700797177,52,9,3
Hyderabad,17.385,78.4867,65,102,29,155,23,10,2026-04-03 09:18:08.509928,27,61,7.380763421884007,70,9,3
Bangalore,12.9716,77.5946,35,30,7,200,29,10,2026-04-03 09:18:08.511846,20,56,8.003766484477268,70,9,3
Visakhapatnam,17.6868,83.2185,31,54,33,176,3,63,2026-04-03 10:18:08.504911,36,62,6.45195192021732,190,10,3
Mumbai,19.076,72.8777,58,66,14,134,30,50,2026-04-03 10:18:08.505873,37,76,4.267984745660994,226,10,3
Delhi,28.7041,77.1025,25,36,50,288,27,13,2026-04-03 10:18:08.507028,29,79,4.90252532481251,129,10,3
Jammu and Kashmir,34.0837,74.7973,73,44,49,125,13,45,2026-04-03 10:18:08.508218,36,50,1.1392112281983937,33,10,3
Hyderabad,17.385,78.4867,100,36,15,164,20,64,2026-04-03 10:18:08.509922,35,41,2.828330592521672,21,10,3
Bangalore,12.9716,77.5946,44,32,9,126,27,19,2026-04-03 10:18:08.511840,25,61,6.049879690338213,273,10,3
Visakhapatnam,17.6868,83.2185,72,83,7,333,3,39,2026-04-03 11:18:08.504908,35,63,4.033776231128712,263,11,3
Mumbai,19.076,72.8777,82,76,46,239,20,33,2026-04-03 11:18:08.505870,31,48,7.505218397035069,155,11,3
Delhi,28.7041,77.1025,94,53,37,373,19,20,2026-04-03 11:18:08.507024,38,79,8.808487295538368,352,11,3
Jammu and Kashmir,34.0837,74.7973,69,85,13,233,14,19,2026-04-03 11:18:08.508214,28,89,7.0936559637505,351,11,3
Hyderabad,17.385,78.4867,65,62,6,261,27,18,2026-04-03 11:18:08.509915,27,62,1.2087448684666844,254,11,3
Bangalore,12.9716,77.5946,61,44,33,355,30,60,2026-04-03 11:18:08.511834,26,62,4.413556692090219,298,11,3
Visakhapatnam,17.6868,83.2185,47,63,45,192,4,53,2026-04-03 12:18:08.504904,32,83,4.011998588213537,118,12,3
Mumbai,19.076,72.8777,51,71,39,252,21,22,2026-04-03 12:18:08.505862,40,54,9.20621810461911,90,12,3
Delhi,28.7041,77.1025,39,89,39,238,11,13,2026-04-03 12:18:08.507017,31,40,5.1050261730945365,137,12,3
Jammu and Kashmir,34.0837,74.7973,102,117,6,256,2,32,2026-04-03 12:18:08.508211,32,82,1.777693400669373,124,12,3
Hyderabad,17.385,78.4867,45,121,7,253,14,73,2026-04-03 12:18:08.509909,40,54,9.600650459823228,169,12,3
Bangalore,12.9716,77.5946,56,127,46,223,4,53,2026-04-03 12:18:08.511828,25,69,6.325371007428556,158,12,3
Visakhapatnam,17.6868,83.2185,91,79,12,306,2,43,2026-04-03 13:18:08.504899,29,86,3.986269042608779,187,13,3
Mumbai,19.076,72.8777,31,94,8,172,8,55,2026-04-03 13:18:08.505859,27,43,4.296148477318567,130,13,3
Delhi,28.7041,77.1025,57,33,23,166,6,46,2026-04-03 13:18:08.507011,37,50,8.73833882921361,212,13,3
Jammu and Kashmir,34.0837,74.7973,30,60,16,230,20,68,2026-04-03 13:18:08.508208,21,65,1.7640568286628189,22,13,3
Hyderabad,17.385,78.4867,40,107,38,261,6,14,2026-04-03 13:18:08.509903,26,59,7.557438754118216,5,13,3
Bangalore,12.9716,77.5946,69,97,29,281,3,59,2026-04-03 13:18:08.511822,34,66,7.6554119803282035,93,13,3
Visakhapatnam,17.6868,83.2185,89,127,13,305,7,43,2026-04-03 14:18:08.504896,38,64,1.171212438979046,269,14,3
Mumbai,19.076,72.8777,112,63,21,186,3,22,2026-04-03 14:18:08.505854,26,44,8.674257434829851,173,14,3
Delhi,28.7041,77.1025,63,53,48,205,8,57,2026-04-03 14:18:08.506990,25,53,2.2788459184762457,309,14,3
Jammu and Kashmir,34.0837,74.7973,92,54,43,160,20,13,2026-04-03 14:18:08.508204,32,45,8.917983869821201,82,14,3
Hyderabad,17.385,78.4867,90,61,46,198,8,70,2026-04-03 14:18:08.509897,33,69,7.754180465116016,220,14,3
Bangalore,12.9716,77.5946,23,95,5,165,24,23,2026-04-03 14:18:08.511816,23,90,4.017971975336189,99,14,3
Visakhapatnam,17.6868,83.2185,58,120,10,166,17,12,2026-04-03 15:18:08.504892,24,59,9.008800037895364,258,15,3
Mumbai,19.076,72.8777,53,145,32,357,18,66,2026-04-03 15:18:08.505847,34,78,2.2153069106633008,18,15,3
Delhi,28.7041,77.1025,96,101,47,298,14,55,2026-04-03 15:18:08.506860,27,42,2.093292625230361,259,15,3
Jammu and Kashmir,34.0837,74.7973,60,124,8,128,10,62,2026-04-03 15:18:08.508199,29,65,6.818638219814252,19,15,3
Hyderabad,17.385,78.4867,109,63,5,332,21,28,2026-04-03 15:18:08.509890,30,73,1.701808329183966,189,15,3
Bangalore,12.9716,77.5946,51,40,40,356,27,57,2026-04-03 15:18:08.511809,38,71,2.8704316564301324,273,15,3
Visakhapatnam,17.6868,83.2185,47,81,10,133,4,78,2026-04-03 16:18:08.504889,27,73,2.7093722687519386,170,16,3
Mumbai,19.076,72.8777,78,30,46,132,15,42,2026-04-03 16:18:08.505842,35,43,4.269043898973159,158,16,3
Delhi,28.7041,77.1025,31,42,5,342,29,20,2026-04-03 16:18:08.506855,29,47,1.1728706653757608,130,16,3
Jammu and Kashmir,34.0837,74.7973,25,37,26,165,20,32,2026-04-03 16:18:08.508193,30,85,7.383553375403015,317,16,3
Hyderabad,17.385,78.4867,90,112,32,233,3,24,2026-04-03 16:18:08.509884,39,87,7.368152071291409,355,16,3
Bangalore,12.9716,77.5946,109,140,24,195,24,67,2026-04-03 16:18:08.511802,26,57,1.711395939793407,187,16,3
Visakhapatnam,17.6868,83.2185,64,139,20,303,30,46,2026-04-03 17:18:08.504885,35,42,8.100592110909709,311,17,3
Mumbai,19.076,72.8777,31,90,29,376,9,73,2026-04-03 17:18:08.505836,37,70,6.300813280045985,126,17,3
Delhi,28.7041,77.1025,93,47,7,120,24,76,2026-04-03 17:18:08.506849,27,62,8.839013319023612,151,17,3
Jammu and Kashmir,34.0837,74.7973,71,142,38,316,20,78,2026-04-03 17:18:08.508188,21,65,5.7918982044399705,275,17,3
Hyderabad,17.385,78.4867,100,64,23,121,3,28,2026-04-03 17:18:08.509879,23,51,9.210728958950195,155,17,3
Bangalore,12.9716,77.5946,99,36,6,160,3,35,2026-04-03 17:18:08.511796,39,52,8.852026096759651,160,17,3
Visakhapatnam,17.6868,83.2185,44,56,42,357,19,18,2026-04-03 18:18:08.504881,23,82,1.3446761812146928,163,18,3
Mumbai,19.076,72.8777,60,136,19,330,9,52,2026-04-03 18:18:08.505831,38,51,5.824092050351824,323,18,3
Delhi,28.7041,77.1025,115,105,50,179,28,36,2026-04-03 18:18:08.506844,29,48,2.5883053487267382,201,18,3
Jammu and Kashmir,34.0837,74.7973,109,51,32,317,16,51,2026-04-03 18:18:08.508182,38,47,8.388363786345563,23,18,3
Hyderabad,17.385,78.4867,60,101,28,172,18,62,2026-04-03 18:18:08.509873,36,56,6.571983307660273,270,18,3
Bangalore,12.9716,77.5946,65,88,50,223,29,27,2026-04-03 18:18:08.511789,28,85,4.704417881431321,24,18,3
Visakhapatnam,17.6868,83.2185,92,47,46,282,28,27,2026-04-03 19:18:08.504876,31,79,9.893024623354943,349,19,3
Mumbai,19.076,72.8777,78,113,24,368,20,73,2026-04-03 19:18:08.505828,21,68,8.896666105769658,69,19,3
Delhi,28.7041,77.1025,55,134,10,253,15,51,2026-04-03 19:18:08.506838,28,69,7.083942218051602,224,19,3
Jammu and Kashmir,34.0837,74.7973,119,130,25,112,14,36,2026-04-03 19:18:08.508178,27,86,9.394027066673951,240,19,3
Hyderabad,17.385,78.4867,64,99,14,270,30,14,2026-04-03 19:18:08.509869,35,48,7.496750540925348,213,19,3
Bangalore,12.9716,77.5946,61,44,31,370,13,12,2026-04-03 19:18:08.511782,24,65,2.674808912647268,18,19,3
Visakhapatnam,17.6868,83.2185,23,73,28,233,16,31,2026-04-03 20:18:08.504872,28,40,9.245714378905644,152,20,3
Mumbai,19.076,72.8777,90,147,21,103,23,33,2026-04-03 20:18:08.505825,31,90,3.296520992526294,24,20,3
Delhi,28.7041,77.1025,78,131,47,344,2,38,2026-04-03 20:18:08.506834,38,67,3.122505210675553,130,20,3
Jammu and Kashmir,34.0837,74.7973,83,122,18,350,27,63,2026-04-03 20:18:08.508174,31,85,6.992832770899995,262,20,3
Hyderabad,17.385,78.4867,69,110,16,214,27,53,2026-04-03 20:18:08.509865,36,45,5.096546932917546,345,20,3
Bangalore,12.9716,77.5946,63,77,36,243,28,54,2026-04-03 20:18:08.511776,39,89,2.867583831885553,190,20,3
Visakhapatnam,17.6868,83.2185,103,85,29,151,21,46,2026-04-03 21:18:08.504868,23,69,8.812024363313185,342,21,3
Mumbai,19.076,72.8777,84,104,29,120,27,32,2026-04-03 21:18:08.505821,24,42,1.437506072261468,100,21,3
Delhi,28.7041,77.1025,84,128,37,290,15,68,2026-04-03 21:18:08.506829,22,89,4.873072365804048,74,21,3
Jammu and Kashmir,34.0837,74.7973,120,90,11,193,18,60,2026-04-03 21:18:08.508171,31,90,6.410340799911927,329,21,3
Hyderabad,17.385,78.4867,103,138,23,373,23,40,2026-04-03 21:18:08.509860,35,47,5.161407756378473,268,21,3
Bangalore,12.9716,77.5946,50,44,17,219,14,33,2026-04-03 21:18:08.511769,26,78,1.7059223493982665,208,21,3
Visakhapatnam,17.6868,83.2185,73,91,46,144,20,70,2026-04-03 22:18:08.504865,21,86,8.237611412280103,144,22,3
Mumbai,19.076,72.8777,74,88,9,218,25,67,2026-04-03 22:18:08.505816,32,85,4.2089109817122505,358,22,3
Delhi,28.7041,77.1025,30,38,34,388,12,65,2026-04-03 22:18:08.506822,39,57,3.049542910195867,218,22,3
Jammu and Kashmir,34.0837,74.7973,48,68,24,356,10,72,2026-04-03 22:18:08.508168,26,67,3.302139165736749,339,22,3
Hyderabad,17.385,78.4867,27,38,33,375,27,38,2026-04-03 22:18:08.509857,39,40,9.180637405777931,13,22,3
Bangalore,12.9716,77.5946,31,118,26,198,20,59,2026-04-03 22:18:08.511762,37,83,2.908850918229019,343,22,3
Visakhapatnam,17.6868,83.2185,93,128,45,346,27,39,2026-04-03 23:18:08.504861,30,60,7.073847690330141,191,23,3
Mumbai,19.076,72.8777,79,143,30,137,16,18,2026-04-03 23:18:08.505813,25,58,2.108171953570982,248,23,3
Delhi,28.7041,77.1025,69,58,22,257,28,63,2026-04-03 23:18:08.506817,23,51,7.051225581879578,122,23,3
Jammu and Kashmir,34.0837,74.7973,97,50,45,288,18,64,2026-04-03 23:18:08.508164,32,57,9.994628472354831,115,23,3
Hyderabad,17.385,78.4867,32,78,42,264,4,29,2026-04-03 23:18:08.509854,27,41,7.875024962274692,193,23,3
Bangalore,12.9716,77.5946,53,96,48,327,29,34,2026-04-03 23:18:08.511755,27,84,7.748559296212703,329,23,3
Visakhapatnam,17.6868,83.2185,48,41,6,232,11,25,2026-04-04 00:18:08.504858,39,68,6.036868384683075,185,0,4
Mumbai,19.076,72.8777,65,85,26,400,11,14,2026-04-04 00:18:08.505810,28,70,7.068329530922925,290,0,4
Delhi,28.7041,77.1025,58,130,46,284,2,66,2026-04-04 00:18:08.506812,27,88,8.654466670544823,75,0,4
Jammu and Kashmir,34.0837,74.7973,69,138,47,310,12,20,2026-04-04 00:18:08.508161,23,43,1.3600768029008314,74,0,4
Hyderabad,17.385,78.4867,20,114,6,249,12,29,2026-04-04 00:18:08.509850,33,87,8.661592337414248,134,0,4
Bangalore,12.9716,77.5946,103,119,35,122,5,12,2026-04-04 00:18:08.511748,21,78,1.1285063303023908,271,0,4
Visakhapatnam,17.6868,83.2185,48,36,41,215,8,33,2026-04-04 01:18:08.504854,36,72,2.4950566530754026,335,1,4
Mumbai,19.076,72.8777,50,65,25,341,29,76,2026-04-04 01:18:08.505806,31,73,5.225873083490503,94,1,4
Delhi,28.7041,77.1025,47,105,16,324,9,16,2026-04-04 01:18:08.506806,21,43,5.424469566073875,285,1,4
Jammu and Kashmir,34.0837,74.7973,65,138,6,114,18,24,2026-04-04 01:18:08.508157,29,59,6.5153463025515,244,1,4
Hyderabad,17.385,78.4867,50,107,9,387,13,47,2026-04-04 01:18:08.509847,36,42,5.664551495263785,44,1,4
Bangalore,12.9716,77.5946,42,123,20,106,26,58,2026-04-04 01:18:08.511742,34,82,9.019411043142773,345,1,4
Visakhapatnam,17.6868,83.2185,46,105,47,198,16,49,2026-04-04 02:18:08.504850,30,71,9.674328931083494,258,2,4
Mumbai,19.076,72.8777,52,89,29,329,20,62,2026-04-04 02:18:08.505803,34,83,5.6479174888801005,189,2,4
Delhi,28.7041,77.1025,62,59,8,247,19,69,2026-04-04 02:18:08.506800,24,74,3.111401259751981,127,2,4
Jammu and Kashmir,34.0837,74.7973,89,92,27,136,2,23,2026-04-04 02:18:08.508154,20,78,5.979931987785494,153,2,4
Hyderabad,17.385,78.4867,27,141,50,220,29,80,2026-04-04 02:18:08.509843,24,43,9.373516264739882,263,2,4
Bangalore,12.9716,77.5946,48,135,33,218,4,55,2026-04-04 02:18:08.511734,22,49,8.008401863144435,205,2,4
Visakhapatnam,17.6868,83.2185,88,114,6,390,19,68,2026-04-04 03:18:08.504845,38,56,7.390996410612659,111,3,4
Mumbai,19.076,72.8777,51,123,25,315,8,55,2026-04-04 03:18:08.505799,28,82,6.240713165386573,290,3,4
Delhi,28.7041,77.1025,69,116,9,186,17,51,2026-04-04 03:18:08.506795,38,70,6.625130472078483,344,3,4
Jammu and Kashmir,34.0837,74.7973,108,133,12,364,21,75,2026-04-04 03:18:08.508151,38,67,7.737927968508852,258,3,4
Hyderabad,17.385,78.4867,35,148,19,365,6,43,2026-04-04 03:18:08.509840,33,47,8.2217904527497,310,3,4
Bangalore,12.9716,77.5946,83,52,49,238,7,33,2026-04-04 03:18:08.511725,36,44,8.959436419711825,307,3,4
Visakhapatnam,17.6868,83.2185,77,147,25,315,11,22,2026-04-04 04:18:08.504839,35,70,4.879709395440991,215,4,4
Mumbai,19.076,72.8777,55,66,29,346,18,18,2026-04-04 04:18:08.505795,27,52,5.216931468775632,230,4,4
Delhi,28.7041,77.1025,96,35,35,220,11,10,2026-04-04 04:18:08.506788,40,60,1.128704138572036,206,4,4
Jammu and Kashmir,34.0837,74.7973,98,31,33,293,21,60,2026-04-04 04:18:08.508147,37,62,8.342817527659491,245,4,4
Hyderabad,17.385,78.4867,33,72,6,357,30,52,2026-04-04 04:18:08.509836,28,45,3.1880024212891427,214,4,4
Bangalore,12.9716,77.5946,22,97,22,167,18,27,2026-04-04 04:18:08.511719,20,70,2.2967033546874225,284,4,4
Visakhapatnam,17.6868,83.2185,117,63,20,386,13,69,2026-04-04 05:18:08.504833,32,69,3.622189729474722,149,5,4
Mumbai,19.076,72.8777,104,112,33,175,28,74,2026-04-04 05:18:08.505792,30,75,7.893795718719661,1,5,4
Delhi,28.7041,77.1025,103,60,32,289,12,78,2026-04-04 05:18:08.506783,30,53,7.212499852931563,154,5,4
Jammu and Kashmir,34.0837,74.7973,101,31,43,132,11,18,2026-04-04 05:18:08.508144,26,47,1.159730795905202,179,5,4
Hyderabad,17.385,78.4867,36,78,39,271,11,26,2026-04-04 05:18:08.509833,39,89,3.3865098854375857,216,5,4
Bangalore,12.9716,77.5946,102,117,33,355,30,42,2026-04-04 05:18:08.511712,40,77,4.659310233528575,26,5,4
Visakhapatnam,17.6868,83.2185,83,130,14,188,28,46,2026-04-04 06:18:08.504827,38,53,8.640781224711407,190,6,4
Mumbai,19.076,72.8777,108,32,14,146,14,67,2026-04-04 06:18:08.505789,27,56,4.57737211918811,97,6,4
Delhi,28.7041,77.1025,111,103,25,116,28,29,2026-04-04 06:18:08.506777,36,86,4.937802869217433,226,6,4
Jammu and Kashmir,34.0837,74.7973,24,105,24,147,17,57,2026-04-04 06:18:08.508140,29,67,1.8650352173001283,6,6,4
Hyderabad,17.385,78.4867,59,70,15,150,27,21,2026-04-04 06:18:08.509829,36,43,7.589838895933043,128,6,4
Bangalore,12.9716,77.5946,33,58,15,225,15,63,2026-04-04 06:18:08.511706,27,78,3.964804688009053,155,6,4
Visakhapatnam,17.6868,83.2185,21,130,14,300,5,12,2026-04-04 07:18:08.504821,29,59,6.904849593138979,132,7,4
Mumbai,19.076,72.8777,88,37,41,372,15,59,2026-04-04 07:18:08.505785,20,78,2.9817842039236138,140,7,4
Delhi,28.7041,77.1025,112,121,33,379,26,41,2026-04-04 07:18:08.506773,21,45,5.316115724052966,123,7,4
Jammu and Kashmir,34.0837,74.7973,105,102,12,314,21,32,2026-04-04 07:18:08.508136,31,61,5.914520943875698,184,7,4
Hyderabad,17.385,78.4867,62,70,17,396,27,67,2026-04-04 07:18:08.509826,40,66,3.055357226156283,177,7,4
Bangalore,12.9716,77.5946,48,146,9,266,25,42,2026-04-04 07:18:08.511699,31,70,1.1268696550840271,90,7,4
Visakhapatnam,17.6868,83.2185,56,88,25,197,17,49,2026-04-04 08:18:08.504818,35,61,5.637576548071706,322,8,4
Mumbai,19.076,72.8777,76,123,15,222,25,29,2026-04-04 08:18:08.505781,32,64,4.326475444043344,141,8,4
Delhi,28.7041,77.1025,23,117,24,157,2,62,2026-04-04 08:18:08.506768,28,53,7.40185249777049,172,8,4
Jammu and Kashmir,34.0837,74.7973,76,49,37,357,25,63,2026-04-04 08:18:08.508133,20,76,7.541093856771884,19,8,4
Hyderabad,17.385,78.4867,38,76,13,389,14,52,2026-04-04 08:18:08.509823,30,57,5.616105912797501,166,8,4
Bangalore,12.9716,77.5946,78,144,16,345,27,57,2026-04-04 08:18:08.511693,35,85,1.8491124676472368,274,8,4
Visakhapatnam,17.6868,83.2185,77,70,10,215,20,69,2026-04-04 09:18:08.504814,40,42,5.505150837106148,281,9,4
Mumbai,19.076,72.8777,96,124,25,285,12,45,2026-04-04 09:18:08.505778,25,71,5.337186430982608,325,9,4
Delhi,28.7041,77.1025,21,94,18,130,25,64,2026-04-04 09:18:08.506764,28,80,3.5874349025260197,232,9,4
Jammu and Kashmir,34.0837,74.7973,30,74,43,237,30,39,2026-04-04 09:18:08.508129,34,72,5.461170484734192,161,9,4
Hyderabad,17.385,78.4867,60,141,25,144,8,29,2026-04-04 09:18:08.509819,33,72,2.326170807312207,5,9,4
Bangalore,12.9716,77.5946,56,97,26,292,21,44,2026-04-04 09:18:08.511687,24,60,6.60088126260306,296,9,4
Visakhapatnam,17.6868,83.2185,56,77,21,284,2,72,2026-04-04 10:18:08.504811,20,45,2.9793472704510764,202,10,4
Mumbai,19.076,72.8777,106,95,6,167,18,21,2026-04-04 10:18:08.505775,27,61,5.460777209060334,288,10,4
Delhi,28.7041,77.1025,26,34,20,111,12,67,2026-04-04 10:18:08.506759,40,51,4.934765245835548,311,10,4
Jammu and Kashmir,34.0837,74.7973,67,92,16,393,3,73,2026-04-04 10:18:08.508123,33,85,1.5722392270834482,72,10,4
Hyderabad,17.385,78.4867,53,78,12,252,26,60,2026-04-04 10:18:08.509816,36,45,1.832643820100729,136,10,4
Bangalore,12.9716,77.5946,21,63,29,213,10,31,2026-04-04 10:18:08.511681,27,87,1.949525748060996,76,10,4
Visakhapatnam,17.6868,83.2185,98,85,22,235,25,20,2026-04-04 11:18:08.504807,20,64,3.704628163308558,19,11,4
Mumbai,19.076,72.8777,116,136,5,397,13,42,2026-04-04 11:18:08.505771,38,70,6.390725717481395,246,11,4
Delhi,28.7041,77.1025,104,103,37,257,20,28,2026-04-04 11:18:08.506754,37,70,2.998231674605086,257,11,4
Jammu and Kashmir,34.0837,74.7973,47,62,5,331,28,43,2026-04-04 11:18:08.508119,31,45,9.590133562021991,108,11,4
Hyderabad,17.385,78.4867,67,90,17,367,5,48,2026-04-04 11:18:08.509812,20,42,8.80784015450742,188,11,4
Bangalore,12.9716,77.5946,27,35,24,271,5,63,2026-04-04 11:18:08.511673,35,64,1.519691364650603,195,11,4
Visakhapatnam,17.6868,83.2185,24,76,50,286,23,46,2026-04-04 12:18:08.504804,39,87,7.109477591597523,93,12,4
Mumbai,19.076,72.8777,35,111,28,255,22,74,2026-04-04 12:18:08.505767,34,87,9.863428211188705,126,12,4
Delhi,28.7041,77.1025,99,138,17,157,7,45,2026-04-04 12:18:08.506749,32,74,6.400239433927384,288,12,4
Jammu and Kashmir,34.0837,74.7973,94,80,20,240,13,55,2026-04-04 12:18:08.508116,32,53,2.927254572082924,130,12,4
Hyderabad,17.385,78.4867,75,131,34,324,24,34,2026-04-04 12:18:08.509808,34,46,7.986883973722457,267,12,4
Bangalore,12.9716,77.5946,68,133,24,361,24,39,2026-04-04 12:18:08.511665,32,79,8.386922943906644,191,12,4
Visakhapatnam,17.6868,83.2185,115,34,24,357,30,51,2026-04-04 13:18:08.504800,25,73,8.390350529520541,272,13,4
Mumbai,19.076,72.8777,58,114,15,245,25,77,2026-04-04 13:18:08.505763,23,74,2.9313043891578867,226,13,4
Delhi,28.7041,77.1025,70,61,43,232,17,62,2026-04-04 13:18:08.506743,31,70,8.21308962076899,138,13,4
Jammu and Kashmir,34.0837,74.7973,64,129,6,315,27,76,2026-04-04 13:18:08.508112,34,76,9.011338494118055,264,13,4
Hyderabad,17.385,78.4867,107,40,16,396,4,55,2026-04-04 13:18:08.509805,33,46,5.939668165872155,187,13,4
Bangalore,12.9716,77.5946,88,49,31,230,8,53,2026-04-04 13:18:08.511659,23,51,4.890155751920498,343,13,4
Visakhapatnam,17.6868,83.2185,78,44,22,190,2,66,2026-04-04 14:18:08.504797,25,85,8.990392406745304,112,14,4
Mumbai,19.076,72.8777,114,65,11,393,17,57,2026-04-04 14:18:08.505760,26,67,2.290266301609374,100,14,4
Delhi,28.7041,77.1025,78,94,23,240,4,61,2026-04-04 14:18:08.506739,36,73,3.402174956012872,100,14,4
Jammu and Kashmir,34.0837,74.7973,97,121,42,151,21,14,2026-04-04 14:18:08.508109,30,82,7.7642367144806546,322,14,4
Hyderabad,17.385,78.4867,112,95,35,317,5,11,2026-04-04 14:18:08.509801,27,56,5.112547538210345,2,14,4
Bangalore,12.9716,77.5946,119,139,22,129,10,29,2026-04-04 14:18:08.511652,33,59,6.686780098014577,283,14,4
Visakhapatnam,17.6868,83.2185,41,130,39,191,27,63,2026-04-04 15:18:08.504794,28,69,2.4361377924797742,238,15,4
Mumbai,19.076,72.8777,61,43,7,242,2,51,2026-04-04 15:18:08.505755,34,64,9.134668390939844,63,15,4
Delhi,28.7041,77.1025,27,46,39,211,20,25,2026-04-04 15:18:08.506734,39,87,1.200562950646607,203,15,4
Jammu and Kashmir,34.0837,74.7973,58,45,31,367,2,73,2026-04-04 15:18:08.508105,25,80,6.211366775720934,173,15,4
Hyderabad,17.385,78.4867,113,70,25,196,15,14,2026-04-04 15:18:08.509798,23,45,6.967564971974367,87,15,4
Bangalore,12.9716,77.5946,113,144,5,281,27,32,2026-04-04 15:18:08.511645,29,89,4.3413883126273305,206,15,4
Visakhapatnam,17.6868,83.2185,98,66,32,213,23,53,2026-04-04 16:18:08.504790,22,46,9.41703290885142,63,16,4
Mumbai,19.076,72.8777,107,45,48,399,17,13,2026-04-04 16:18:08.505749,26,90,4.444038613049625,320,16,4
Delhi,28.7041,77.1025,103,58,24,126,30,39,2026-04-04 16:18:08.506729,25,57,8.650678453017456,308,16,4
Jammu and Kashmir,34.0837,74.7973,83,134,15,148,12,50,2026-04-04 16:18:08.508102,32,62,5.162310504075276,45,16,4
Hyderabad,17.385,78.4867,46,36,35,234,30,26,2026-04-04 16:18:08.509791,22,87,3.164356148082873,199,16,4
Bangalore,12.9716,77.5946,66,54,9,240,14,77,2026-04-04 16:18:08.511639,36,42,6.4303275238987805,284,16,4
Visakhapatnam,17.6868,83.2185,67,126,35,358,8,54,2026-04-04 17:18:08.504787,34,54,1.639507451104686,85,17,4
Mumbai,19.076,72.8777,97,65,49,239,13,60,2026-04-04 17:18:08.505744,33,71,2.5306396650288936,184,17,4
Delhi,28.7041,77.1025,87,105,42,212,11,17,2026-04-04 17:18:08.506725,34,88,2.197829083927222,161,17,4
Jammu and Kashmir,34.0837,74.7973,114,150,16,151,2,66,2026-04-04 17:18:08.508097,27,74,8.327856948937612,128,17,4
Hyderabad,17.385,78.4867,112,54,49,307,11,36,2026-04-04 17:18:08.509786,28,74,5.694061310937538,7,17,4
Bangalore,12.9716,77.5946,50,144,10,193,9,34,2026-04-04 17:18:08.511632,20,71,6.031900874430924,214,17,4
Visakhapatnam,17.6868,83.2185,56,93,21,370,13,18,2026-04-04 18:18:08.504783,35,47,4.849649823047321,151,18,4
Mumbai,19.076,72.8777,92,72,48,203,26,32,2026-04-04 18:18:08.505737,20,52,1.7519082063260716,23,18,4
Delhi,28.7041,77.1025,119,67,40,210,11,19,2026-04-04 18:18:08.506720,40,42,7.928525306724844,191,18,4
Jammu and Kashmir,34.0837,74.7973,98,92,29,300,30,47,2026-04-04 18:18:08.508091,28,41,3.6368203899013514,293,18,4
Hyderabad,17.385,78.4867,48,135,32,345,22,68,2026-04-04 18:18:08.509779,29,67,5.559481452983295,37,18,4
Bangalore,12.9716,77.5946,114,98,50,336,20,10,2026-04-04 18:18:08.511625,30,78,7.587801228874313,281,18,4
Visakhapatnam,17.6868,83.2185,112,141,47,330,24,70,2026-04-04 19:18:08.504779,29,60,1.5769725071073275,152,19,4
Mumbai,19.076,72.8777,85,61,15,219,17,16,2026-04-04 19:18:08.505732,21,64,7.31768292045048,223,19,4
Delhi,28.7041,77.1025,63,75,16,270,8,57,2026-04-04 19:18:08.506715,25,74,1.579370292534791,140,19,4
Jammu and Kashmir,34.0837,74.7973,59,47,44,299,27,23,2026-04-04 19:18:08.508086,26,44,9.290201562512998,296,19,4
Hyderabad,17.385,78.4867,63,45,16,110,8,63,2026-04-04 19:18:08.509772,34,60,7.536551202860426,83,19,4
Bangalore,12.9716,77.5946,35,97,13,277,25,27,2026-04-04 19:18:08.511618,23,73,5.508781296481245,125,19,4
Visakhapatnam,17.6868,83.2185,32,113,27,389,30,46,2026-04-04 20:18:08.504776,32,84,7.358376081960013,226,20,4
Mumbai,19.076,72.8777,73,88,41,242,16,46,2026-04-04 20:18:08.505728,33,49,1.2918991965700113,81,20,4
Delhi,28.7041,77.1025,40,143,50,122,11,47,2026-04-04 20:18:08.506710,26,46,8.59106135195702,39,20,4
Jammu and Kashmir,34.0837,74.7973,30,85,40,248,17,67,2026-04-04 20:18:08.508080,39,82,2.2723624319222977,178,20,4
Hyderabad,17.385,78.4867,92,106,45,397,18,59,2026-04-04 20:18:08.509767,27,63,3.2989677999781164,283,20,4
Bangalore,12.9716,77.5946,103,105,21,373,27,34,2026-04-04 20:18:08.511612,24,84,8.875060374938297,172,20,4
Visakhapatnam,17.6868,83.2185,28,101,42,140,18,52,2026-04-04 21:18:08.504773,22,81,2.6315419827261213,154,21,4
Mumbai,19.076,72.8777,60,135,43,184,24,46,2026-04-04 21:18:08.505725,37,47,4.137240287295851,94,21,4
Delhi,28.7041,77.1025,104,108,21,352,29,39,2026-04-04 21:18:08.506705,27,55,9.166295360185366,15,21,4
Jammu and Kashmir,34.0837,74.7973,49,75,41,378,5,23,2026-04-04 21:18:08.508077,26,86,9.895174350027586,336,21,4
Hyderabad,17.385,78.4867,51,44,38,235,2,56,2026-04-04 21:18:08.509760,33,68,8.32757337025286,64,21,4
Bangalore,12.9716,77.5946,93,38,38,314,23,78,2026-04-04 21:18:08.511605,37,57,7.051157190417953,61,21,4
Visakhapatnam,17.6868,83.2185,109,110,19,161,24,31,2026-04-04 22:18:08.504769,33,77,4.175429002906408,206,22,4
Mumbai,19.076,72.8777,81,129,6,314,5,24,2026-04-04 22:18:08.505722,28,47,5.9746693467610426,6,22,4
Delhi,28.7041,77.1025,31,69,48,375,4,61,2026-04-04 22:18:08.506700,39,90,9.824981395966896,278,22,4
Jammu and Kashmir,34.0837,74.7973,100,124,31,361,6,44,2026-04-04 22:18:08.508074,24,72,7.968750736590906,23,22,4
Hyderabad,17.385,78.4867,28,45,10,397,5,40,2026-04-04 22:18:08.509754,23,57,4.556778590430724,92,22,4
Bangalore,12.9716,77.5946,47,43,11,122,17,51,2026-04-04 22:18:08.511597,29,89,6.871688778021392,39,22,4
Visakhapatnam,17.6868,83.2185,36,57,24,155,7,45,2026-04-04 23:18:08.504766,30,85,8.115706736639543,156,23,4
Mumbai,19.076,72.8777,32,67,12,323,20,42,2026-04-04 23:18:08.505718,39,59,5.087080682855448,66,23,4
Delhi,28.7041,77.1025,104,86,11,354,4,61,2026-04-04 23:18:08.506694,30,51,2.985618810573132,359,23,4
Jammu and Kashmir,34.0837,74.7973,81,30,29,351,14,36,2026-04-04 23:18:08.508070,22,42,6.392266380243065,116,23,4
Hyderabad,17.385,78.4867,67,99,18,368,3,53,2026-04-04 23:18:08.509742,31,52,9.669844334796624,316,23,4
Bangalore,12.9716,77.5946,76,93,35,122,17,54,2026-04-04 23:18:08.511590,40,62,9.32537863180035,353,23,4
Visakhapatnam,17.6868,83.2185,43,92,41,268,10,30,2026-04-05 00:18:08.504762,21,70,6.22736649219397,44,0,5
Mumbai,19.076,72.8777,112,146,17,305,19,28,2026-04-05 00:18:08.505715,21,51,4.711442007141836,247,0,5
Delhi,28.7041,77.1025,112,104,16,115,2,12,2026-04-05 00:18:08.506687,36,54,8.734558673585596,303,0,5
Jammu and Kashmir,34.0837,74.7973,59,110,37,144,13,20,2026-04-05 00:18:08.508067,25,60,6.251457606584488,205,0,5
Hyderabad,17.385,78.4867,79,138,47,101,25,71,2026-04-05 00:18:08.509713,37,55,9.386397344739184,120,0,5
Bangalore,12.9716,77.5946,98,99,9,309,15,33,2026-04-05 00:18:08.511583,24,60,6.097712037148938,95,0,5
Visakhapatnam,17.6868,83.2185,77,141,25,228,20,56,2026-04-05 01:18:08.504759,28,41,6.600585998590487,96,1,5
Mumbai,19.076,72.8777,63,91,17,331,25,12,2026-04-05 01:18:08.505711,24,53,8.327844457494068,125,1,5
Delhi,28.7041,77.1025,44,106,11,162,22,39,2026-04-05 01:18:08.506682,38,40,2.7621458029790844,50,1,5
Jammu and Kashmir,34.0837,74.7973,93,78,28,351,7,78,2026-04-05 01:18:08.508063,29,46,2.142432784283076,49,1,5
Hyderabad,17.385,78.4867,39,126,47,344,4,59,2026-04-05 01:18:08.509707,26,51,8.43465238674959,102,1,5
Bangalore,12.9716,77.5946,82,54,38,397,3,69,2026-04-05 01:18:08.511577,33,40,9.622007976542667,293,1,5
Visakhapatnam,17.6868,83.2185,89,72,13,110,23,11,2026-04-05 02:18:08.504755,36,77,6.754345951673181,63,2,5
Mumbai,19.076,72.8777,53,122,26,370,14,24,2026-04-05 02:18:08.505708,24,47,5.40330312516872,14,2,5
Delhi,28.7041,77.1025,109,47,14,314,23,43,2026-04-05 02:18:08.506676,21,90,4.691262021744612,177,2,5
Jammu and Kashmir,34.0837,74.7973,67,131,43,173,21,52,2026-04-05 02:18:08.508060,26,49,7.347012609484215,239,2,5
Hyderabad,17.385,78.4867,87,67,11,368,10,31,2026-04-05 02:18:08.509699,38,42,4.302171790989736,123,2,5
Bangalore,12.9716,77.5946,61,97,44,358,2,64,2026-04-05 02:18:08.511570,38,60,3.232674632026692,330,2,5
Visakhapatnam,17.6868,83.2185,53,68,14,335,2,47,2026-04-05 03:18:08.504752,27,62,2.480148706941286,266,3,5
Mumbai,19.076,72.8777,55,56,18,168,6,39,2026-04-05 03:18:08.505704,30,57,1.3254534157388207,73,3,5
Delhi,28.7041,77.1025,63,102,45,210,27,24,2026-04-05 03:18:08.506671,30,83,8.828262408888406,54,3,5
Jammu and Kashmir,34.0837,74.7973,88,86,6,314,11,63,2026-04-05 03:18:08.508056,39,48,3.4159658545621374,324,3,5
Hyderabad,17.385,78.4867,64,31,38,148,3,60,2026-04-05 03:18:08.509672,21,86,3.987501966613305,185,3,5
Bangalore,12.9716,77.5946,73,38,36,294,14,64,2026-04-05 03:18:08.511560,40,60,7.277919218734489,354,3,5
Visakhapatnam,17.6868,83.2185,22,35,46,281,19,16,2026-04-05 04:18:08.504748,40,68,7.177337813195656,131,4,5
Mumbai,19.076,72.8777,54,54,20,353,27,50,2026-04-05 04:18:08.505701,21,59,9.457539385309962,305,4,5
Delhi,28.7041,77.1025,103,40,32,215,29,65,2026-04-05 04:18:08.506667,34,48,2.18523642784324,314,4,5
Jammu and Kashmir,34.0837,74.7973,20,102,34,259,24,27,2026-04-05 04:18:08.508053,30,82,4.600615085901209,27,4,5
Hyderabad,17.385,78.4867,98,117,49,285,13,19,2026-04-05 04:18:08.509663,33,68,6.183469279715414,305,4,5
Bangalore,12.9716,77.5946,93,144,50,104,3,38,2026-04-05 04:18:08.511553,23,61,8.745581862628164,350,4,5
Visakhapatnam,17.6868,83.2185,103,32,37,101,17,76,2026-04-05 05:18:08.504744,22,79,2.569277146582753,44,5,5
Mumbai,19.076,72.8777,61,140,27,240,26,60,2026-04-05 05:18:08.505697,26,60,3.926437454189864,180,5,5
Delhi,28.7041,77.1025,43,105,29,379,15,12,2026-04-05 05:18:08.506662,35,56,4.608155266581987,277,5,5
Jammu and Kashmir,34.0837,74.7973,62,145,30,171,19,48,2026-04-05 05:18:08.508049,29,80,7.367009466321808,35,5,5
Hyderabad,17.385,78.4867,95,100,36,166,12,65,2026-04-05 05:18:08.509657,31,60,8.886040321158694,212,5,5
Bangalore,12.9716,77.5946,86,100,34,393,19,42,2026-04-05 05:18:08.511547,24,43,5.541530828453217,85,5,5
Visakhapatnam,17.6868,83.2185,88,149,50,106,22,44,2026-04-05 06:18:08.504741,39,87,8.573323136036633,87,6,5
Mumbai,19.076,72.8777,91,108,7,201,3,61,2026-04-05 06:18:08.505694,26,67,7.111974684946643,48,6,5
Delhi,28.7041,77.1025,52,101,46,331,11,77,2026-04-05 06:18:08.506657,25,75,5.262380278964323,303,6,5
Jammu and Kashmir,34.0837,74.7973,100,128,38,170,11,28,2026-04-05 06:18:08.508044,25,82,6.432688030195905,248,6,5
Hyderabad,17.385,78.4867,109,55,7,204,25,46,2026-04-05 06:18:08.509651,31,83,4.293680508695079,8,6,5
Bangalore,12.9716,77.5946,45,34,50,211,29,67,2026-04-05 06:18:08.511540,40,45,3.793463495862076,222,6,5
Visakhapatnam,17.6868,83.2185,60,123,19,218,14,23,2026-04-05 07:18:08.504737,38,73,3.447994339140699,353,7,5
Mumbai,19.076,72.8777,27,47,26,120,25,69,2026-04-05 07:18:08.505690,30,71,8.204792041735404,191,7,5
Delhi,28.7041,77.1025,62,43,28,323,18,49,2026-04-05 07:18:08.506651,26,84,8.728947294775544,343,7,5
Jammu and Kashmir,34.0837,74.7973,21,56,47,144,19,79,2026-04-05 07:18:08.508040,35,49,9.043565622297455,89,7,5
Hyderabad,17.385,78.4867,100,57,26,114,14,67,2026-04-05 07:18:08.509646,27,73,4.12386212183591,350,7,5
Bangalore,12.9716,77.5946,32,32,16,353,10,46,2026-04-05 07:18:08.511534,40,81,1.2009002694212696,281,7,5
Visakhapatnam,17.6868,83.2185,30,47,7,213,17,35,2026-04-05 08:18:08.504733,31,68,7.520718232327633,246,8,5
Mumbai,19.076,72.8777,29,138,21,327,5,55,2026-04-05 08:18:08.505687,24,70,5.023885528022741,133,8,5
Delhi,28.7041,77.1025,105,76,36,165,3,12,2026-04-05 08:18:08.506646,33,68,1.508779870816471,172,8,5
Jammu and Kashmir,34.0837,74.7973,92,103,17,138,30,25,2026-04-05 08:18:08.508037,24,45,8.659380633408226,206,8,5
Hyderabad,17.385,78.4867,85,142,25,162,23,35,2026-04-05 08:18:08.509640,23,55,5.6015444828321606,327,8,5
Bangalore,12.9716,77.5946,38,42,50,220,24,48,2026-04-05 08:18:08.511528,20,43,6.6569625313451,141,8,5
Visakhapatnam,17.6868,83.2185,104,117,42,364,20,63,2026-04-05 09:18:08.504730,29,50,6.615320001931008,46,9,5
Mumbai,19.076,72.8777,35,139,35,179,20,58,2026-04-05 09:18:08.505683,38,64,3.135701100857145,43,9,5
Delhi,28.7041,77.1025,74,131,28,123,10,40,2026-04-05 09:18:08.506641,21,52,6.55722671126139,120,9,5
Jammu and Kashmir,34.0837,74.7973,45,110,29,213,8,50,2026-04-05 09:18:08.508033,28,64,3.5359694466496685,275,9,5
Hyderabad,17.385,78.4867,87,142,14,201,12,37,2026-04-05 09:18:08.509634,37,70,7.379363186247417,229,9,5
Bangalore,12.9716,77.5946,110,34,14,299,16,26,2026-04-05 09:18:08.511522,37,55,8.841691569726137,108,9,5
Visakhapatnam,17.6868,83.2185,97,121,28,212,22,50,2026-04-05 10:18:08.504726,21,68,2.284508532977225,105,10,5
Mumbai,19.076,72.8777,33,86,8,228,21,52,2026-04-05 10:18:08.505680,38,59,2.089988286925048,7,10,5
Delhi,28.7041,77.1025,99,129,35,147,18,40,2026-04-05 10:18:08.506636,37,66,3.3947776404095222,272,10,5
Jammu and Kashmir,34.0837,74.7973,77,85,5,257,8,15,2026-04-05 10:18:08.508030,37,45,1.2354778959930122,223,10,5
Hyderabad,17.385,78.4867,75,46,42,157,30,67,2026-04-05 10:18:08.509628,21,79,1.3244210571387909,29,10,5
Bangalore,12.9716,77.5946,60,45,41,311,16,78,2026-04-05 10:18:08.511516,28,53,5.929071009820963,233,10,5
Visakhapatnam,17.6868,83.2185,73,38,16,245,12,16,2026-04-05 11:18:08.504720,25,57,1.669335485713535,207,11,5
Mumbai,19.076,72.8777,107,99,39,363,29,16,2026-04-05 11:18:08.505677,36,88,5.671980551730899,105,11,5
Delhi,28.7041,77.1025,26,99,30,382,11,21,2026-04-05 11:18:08.506632,33,86,1.921256851860533,234,11,5
Jammu and Kashmir,34.0837,74.7973,59,103,31,294,20,21,2026-04-05 11:18:08.508026,39,78,6.436763141323555,120,11,5
Hyderabad,17.385,78.4867,117,142,28,275,8,61,2026-04-05 11:18:08.509621,38,53,8.523837540876759,313,11,5
Bangalore,12.9716,77.5946,95,58,44,248,29,58,2026-04-05 11:18:08.511510,20,69,5.418301810820553,184,11,5
Visakhapatnam,17.6868,83.2185,62,128,39,139,2,80,2026-04-05 12:18:08.504714,32,82,4.908800241759304,266,12,5
Mumbai,19.076,72.8777,108,146,10,275,26,34,2026-04-05 12:18:08.505673,25,88,2.1531771403168856,160,12,5
Delhi,28.7041,77.1025,95,142,33,157,21,23,2026-04-05 12:18:08.506629,31,83,7.071933567902811,268,12,5
Jammu and Kashmir,34.0837,74.7973,55,59,12,167,15,49,2026-04-05 12:18:08.508023,30,48,6.88584664182666,312,12,5
Hyderabad,17.385,78.4867,34,69,33,100,7,53,2026-04-05 12:18:08.509606,39,66,2.6306318534068813,212,12,5
Bangalore,12.9716,77.5946,59,40,43,369,19,75,2026-04-05 12:18:08.511504,38,74,2.1496495271061167,138,12,5
Visakhapatnam,17.6868,83.2185,23,44,7,258,2,41,2026-04-05 13:18:08.504708,26,75,4.943522471674998,156,13,5
Mumbai,19.076,72.8777,25,144,28,250,19,71,2026-04-05 13:18:08.505664,21,70,8.361087322293944,316,13,5
Delhi,28.7041,77.1025,44,78,47,147,13,40,2026-04-05 13:18:08.506626,25,60,4.13960898376792,106,13,5
Jammu and Kashmir,34.0837,74.7973,56,113,41,359,9,42,2026-04-05 13:18:08.508019,34,65,6.3400069973539335,233,13,5
Hyderabad,17.385,78.4867,105,145,43,246,13,13,2026-04-05 13:18:08.509603,21,68,4.403440493325094,181,13,5
Bangalore,12.9716,77.5946,118,44,12,139,3,18,2026-04-05 13:18:08.511497,30,88,9.315097528519756,95,13,5
Visakhapatnam,17.6868,83.2185,32,82,34,253,13,36,2026-04-05 14:18:08.504702,20,45,4.488457457713126,43,14,5
Mumbai,19.076,72.8777,110,66,28,321,5,71,2026-04-05 14:18:08.505661,36,83,2.464177818606508,359,14,5
Delhi,28.7041,77.1025,75,86,49,267,5,27,2026-04-05 14:18:08.506622,20,67,4.151369752723957,250,14,5
Jammu and Kashmir,34.0837,74.7973,45,51,15,159,25,30,2026-04-05 14:18:08.508015,23,67,9.732442432729451,178,14,5
Hyderabad,17.385,78.4867,34,50,25,384,22,80,2026-04-05 14:18:08.509600,35,51,8.343784917263907,176,14,5
Bangalore,12.9716,77.5946,56,121,47,326,14,48,2026-04-05 14:18:08.511490,29,66,7.479489156124215,324,14,5
Visakhapatnam,17.6868,83.2185,51,61,39,237,16,32,2026-04-05 15:18:08.504695,29,42,9.824169586390378,340,15,5
Mumbai,19.076,72.8777,28,106,19,242,10,74,2026-04-05 15:18:08.505657,24,52,2.758581806411497,69,15,5
Delhi,28.7041,77.1025,118,85,22,167,5,39,2026-04-05 15:18:08.506619,29,85,3.013310989058785,70,15,5
Jammu and Kashmir,34.0837,74.7973,42,91,14,232,27,36,2026-04-05 15:18:08.508012,26,42,4.266262297485847,92,15,5
Hyderabad,17.385,78.4867,75,58,6,153,6,73,2026-04-05 15:18:08.509596,21,63,5.904348037344374,53,15,5
Bangalore,12.9716,77.5946,34,86,39,390,7,33,2026-04-05 15:18:08.511483,20,76,1.3279246425361144,220,15,5
Visakhapatnam,17.6868,83.2185,108,50,27,277,14,76,2026-04-05 16:18:08.504688,32,84,5.353398102921774,295,16,5
Mumbai,19.076,72.8777,30,41,27,367,6,73,2026-04-05 16:18:08.505652,32,57,9.629380056750213,29,16,5
Delhi,28.7041,77.1025,41,111,35,169,24,39,2026-04-05 16:18:08.506615,40,48,4.733638496325042,316,16,5
Jammu and Kashmir,34.0837,74.7973,62,74,42,295,16,41,2026-04-05 16:18:08.508008,26,81,3.022035748939243,51,16,5
Hyderabad,17.385,78.4867,83,111,48,308,2,13,2026-04-05 16:18:08.509592,29,65,6.367485745008167,31,16,5
Bangalore,12.9716,77.5946,102,96,36,337,22,34,2026-04-05 16:18:08.511476,22,50,6.584899011400269,155,16,5
Visakhapatnam,17.6868,83.2185,48,84,48,220,8,32,2026-04-05 17:18:08.504681,33,43,1.1967588603693342,259,17,5
Mumbai,19.076,72.8777,29,115,30,267,25,72,2026-04-05 17:18:08.505644,23,88,8.785458334008933,218,17,5
Delhi,28.7041,77.1025,20,120,18,194,14,50,2026-04-05 17:18:08.506612,38,52,4.800956393690352,60,17,5
Jammu and Kashmir,34.0837,74.7973,87,114,15,351,22,24,2026-04-05 17:18:08.508004,20,54,6.685296599366471,55,17,5
Hyderabad,17.385,78.4867,95,61,39,231,6,15,2026-04-05 17:18:08.509589,39,63,2.779610682701305,331,17,5
Bangalore,12.9716,77.5946,24,85,44,154,12,34,2026-04-05 17:18:08.511469,35,57,6.268772243254006,339,17,5
Visakhapatnam,17.6868,83.2185,73,111,48,183,2,28,2026-04-05 18:18:08.504674,24,85,7.1693041724484985,272,18,5
Mumbai,19.076,72.8777,43,83,42,260,23,21,2026-04-05 18:18:08.505638,28,54,1.225772651144724,321,18,5
Delhi,28.7041,77.1025,106,60,40,338,24,31,2026-04-05 18:18:08.506608,21,72,1.6183599898322476,72,18,5
Jammu and Kashmir,34.0837,74.7973,69,147,25,173,23,30,2026-04-05 18:18:08.507999,23,52,8.474609251985598,163,18,5
Hyderabad,17.385,78.4867,42,87,17,270,28,52,2026-04-05 18:18:08.509583,31,89,4.010060506172147,123,18,5
Bangalore,12.9716,77.5946,67,137,41,270,4,21,2026-04-05 18:18:08.511461,22,46,5.413053339443707,145,18,5
Visakhapatnam,17.6868,83.2185,63,81,10,207,25,28,2026-04-05 19:18:08.504667,40,40,7.338650813954585,246,19,5
Mumbai,19.076,72.8777,59,88,42,312,27,30,2026-04-05 19:18:08.505632,34,81,7.524104521147756,59,19,5
Delhi,28.7041,77.1025,74,60,8,141,20,13,2026-04-05 19:18:08.506604,31,44,4.416436086140436,191,19,5
Jammu and Kashmir,34.0837,74.7973,57,111,16,302,11,10,2026-04-05 19:18:08.507991,22,42,3.56527799282261,58,19,5
Hyderabad,17.385,78.4867,20,87,47,333,17,30,2026-04-05 19:18:08.509567,24,89,1.082889718627888,251,19,5
Bangalore,12.9716,77.5946,115,43,23,397,10,42,2026-04-05 19:18:08.511454,39,59,8.039219893378148,290,19,5
Visakhapatnam,17.6868,83.2185,28,150,22,338,19,79,2026-04-05 20:18:08.504660,26,55,7.0087313341422925,245,20,5
Mumbai,19.076,72.8777,119,121,36,254,3,24,2026-04-05 20:18:08.505629,34,59,3.809829504215689,34,20,5
Delhi,28.7041,77.1025,86,109,37,240,3,28,2026-04-05 20:18:08.506600,35,59,5.730297953321194,133,20,5
Jammu and Kashmir,34.0837,74.7973,98,119,37,201,16,55,2026-04-05 20:18:08.507985,35,82,7.944634448469936,1,20,5
Hyderabad,17.385,78.4867,82,76,13,198,30,18,2026-04-05 20:18:08.509561,21,52,2.786698375379608,253,20,5
Bangalore,12.9716,77.5946,73,112,27,170,6,14,2026-04-05 20:18:08.511447,37,56,9.41447746521444,356,20,5
Visakhapatnam,17.6868,83.2185,108,59,27,202,28,69,2026-04-05 21:18:08.504653,27,89,5.781154055745051,199,21,5
Mumbai,19.076,72.8777,105,116,6,282,24,47,2026-04-05 21:18:08.505626,28,69,3.916667887906587,99,21,5
Delhi,28.7041,77.1025,117,87,7,107,26,11,2026-04-05 21:18:08.506597,21,81,5.713987782937955,248,21,5
Jammu and Kashmir,34.0837,74.7973,119,139,29,135,29,64,2026-04-05 21:18:08.507982,37,83,7.537181415934312,224,21,5
Hyderabad,17.385,78.4867,120,39,41,284,16,75,2026-04-05 21:18:08.509555,34,60,8.245897493031052,80,21,5
Bangalore,12.9716,77.5946,84,56,6,100,7,78,2026-04-05 21:18:08.511440,36,66,2.601327103814296,292,21,5
Visakhapatnam,17.6868,83.2185,74,62,7,366,16,59,2026-04-05 22:18:08.504646,23,51,5.298765159959067,171,22,5
Mumbai,19.076,72.8777,113,101,21,352,17,71,2026-04-05 22:18:08.505622,32,41,4.4924125920592815,69,22,5
Delhi,28.7041,77.1025,25,125,49,147,16,36,2026-04-05 22:18:08.506594,34,89,7.628394419031061,200,22,5
Jammu and Kashmir,34.0837,74.7973,83,133,22,341,6,58,2026-04-05 22:18:08.507978,27,76,7.368053223846411,292,22,5
Hyderabad,17.385,78.4867,47,125,47,349,21,50,2026-04-05 22:18:08.509549,32,79,2.520516761196068,28,22,5
Bangalore,12.9716,77.5946,49,74,39,394,28,29,2026-04-05 22:18:08.511433,29,51,8.391117427339374,291,22,5
Visakhapatnam,17.6868,83.2185,105,73,41,299,7,71,2026-04-05 23:18:08.504639,38,85,3.829554318996205,344,23,5
Mumbai,19.076,72.8777,116,149,23,185,15,73,2026-04-05 23:18:08.505619,36,49,4.435904782605572,199,23,5
Delhi,28.7041,77.1025,59,141,50,267,5,18,2026-04-05 23:18:08.506590,35,56,9.064633738856571,221,23,5
Jammu and Kashmir,34.0837,74.7973,25,125,41,280,10,53,2026-04-05 23:18:08.507975,34,45,5.511524357789834,311,23,5
Hyderabad,17.385,78.4867,104,134,12,165,30,21,2026-04-05 23:18:08.509543,39,45,3.4262357446823195,252,23,5
Bangalore,12.9716,77.5946,46,147,43,140,18,11,2026-04-05 23:18:08.511426,34,68,3.195198317719868,343,23,5
Visakhapatnam,17.6868,83.2185,41,40,36,127,7,12,2026-04-06 00:18:08.504632,20,47,6.019600083243267,100,0,6
Mumbai,19.076,72.8777,24,149,13,236,3,24,2026-04-06 00:18:08.505615,37,85,2.314999807677344,236,0,6
Delhi,28.7041,77.1025,95,147,25,155,14,43,2026-04-06 00:18:08.506587,25,75,1.8062582312288429,289,0,6
Jammu and Kashmir,34.0837,74.7973,26,143,16,241,18,65,2026-04-06 00:18:08.507971,22,67,1.8526071701753843,269,0,6
Hyderabad,17.385,78.4867,30,71,37,213,29,62,2026-04-06 00:18:08.509540,22,77,6.8355413997079175,151,0,6
Bangalore,12.9716,77.5946,50,44,37,355,15,77,2026-04-06 00:18:08.511420,25,63,2.5778403151566867,193,0,6
Visakhapatnam,17.6868,83.2185,21,122,18,197,3,54,2026-04-06 01:18:08.504624,33,69,7.6907176081056114,303,1,6
Mumbai,19.076,72.8777,39,77,48,132,8,65,2026-04-06 01:18:08.505612,29,44,5.035117041777586,312,1,6
Delhi,28.7041,77.1025,27,93,30,240,28,55,2026-04-06 01:18:08.506583,27,51,5.948603350368882,67,1,6
Jammu and Kashmir,34.0837,74.7973,60,77,23,373,16,61,2026-04-06 01:18:08.507967,38,60,4.123130573370495,78,1,6
Hyderabad,17.385,78.4867,47,61,34,243,30,20,2026-04-06 01:18:08.509536,34,82,9.213727908348362,262,1,6
Bangalore,12.9716,77.5946,81,33,49,198,12,20,2026-04-06 01:18:08.511413,29,42,2.7654402875679462,350,1,6
Visakhapatnam,17.6868,83.2185,97,77,29,397,30,58,2026-04-06 02:18:08.504618,27,41,8.523443877655131,280,2,6
Mumbai,19.076,72.8777,88,89,7,111,29,26,2026-04-06 02:18:08.505609,26,44,4.20765855699971,56,2,6
Delhi,28.7041,77.1025,70,36,40,214,9,40,2026-04-06 02:18:08.506580,40,52,9.620289898410212,73,2,6
Jammu and Kashmir,34.0837,74.7973,110,126,20,313,8,42,2026-04-06 02:18:08.507963,21,65,6.2902897510719855,268,2,6
Hyderabad,17.385,78.4867,120,93,13,366,18,18,2026-04-06 02:18:08.509532,24,58,2.519185953063785,336,2,6
Bangalore,12.9716,77.5946,89,56,30,316,17,69,2026-04-06 02:18:08.511406,34,62,9.789865542096855,343,2,6
Visakhapatnam,17.6868,83.2185,76,96,8,284,25,40,2026-04-06 03:18:08.504610,33,81,2.297369731064129,359,3,6
Mumbai,19.076,72.8777,61,85,33,157,9,77,2026-04-06 03:18:08.505605,28,58,3.26917709729809,125,3,6
Delhi,28.7041,77.1025,46,68,48,179,30,38,2026-04-06 03:18:08.506576,25,73,6.245115974627439,338,3,6
Jammu and Kashmir,34.0837,74.7973,65,120,21,257,11,20,2026-04-06 03:18:08.507960,35,57,5.57216132028448,24,3,6
Hyderabad,17.385,78.4867,110,124,12,113,18,79,2026-04-06 03:18:08.509528,28,76,3.5152279372636164,172,3,6
Bangalore,12.9716,77.5946,22,55,24,336,22,66,2026-04-06 03:18:08.511399,33,86,4.308121492867308,77,3,6
Visakhapatnam,17.6868,83.2185,20,58,13,397,11,41,2026-04-06 04:18:08.504603,31,40,7.541507626957911,74,4,6
Mumbai,19.076,72.8777,31,60,26,273,12,44,2026-04-06 04:18:08.505601,21,79,8.957885171043534,179,4,6
Delhi,28.7041,77.1025,105,87,24,389,19,64,2026-04-06 04:18:08.506573,27,50,8.414936204705912,211,4,6
Jammu and Kashmir,34.0837,74.7973,48,48,44,321,21,78,2026-04-06 04:18:08.507956,34,46,6.299556408806071,140,4,6
Hyderabad,17.385,78.4867,96,127,23,343,21,65,2026-04-06 04:18:08.509525,35,89,6.136567022956288,251,4,6
Bangalore,12.9716,77.5946,107,126,21,310,3,80,2026-04-06 04:18:08.511393,20,73,3.519086216762454,179,4,6
Visakhapatnam,17.6868,83.2185,49,75,12,119,28,58,2026-04-06 05:18:08.504595,30,66,5.9323070172913015,43,5,6
Mumbai,19.076,72.8777,53,85,14,203,28,68,2026-04-06 05:18:08.505598,30,52,7.579810831015212,177,5,6
Delhi,28.7041,77.1025,99,97,50,219,17,26,2026-04-06 05:18:08.506569,28,54,9.000485039478468,354,5,6
Jammu and Kashmir,34.0837,74.7973,101,120,33,300,8,78,2026-04-06 05:18:08.507953,31,47,2.5260966463870336,137,5,6
Hyderabad,17.385,78.4867,98,124,31,303,19,24,2026-04-06 05:18:08.509521,37,50,2.9360007404212065,227,5,6
Bangalore,12.9716,77.5946,21,100,10,120,24,32,2026-04-06 05:18:08.511386,31,76,2.736316534181287,236,5,6
Visakhapatnam,17.6868,83.2185,83,73,43,249,22,69,2026-04-06 06:18:08.504588,31,59,1.7787249578086313,103,6,6
Mumbai,19.076,72.8777,67,58,31,144,19,16,2026-04-06 06:18:08.505594,24,88,5.952352118987752,54,6,6
Delhi,28.7041,77.1025,28,40,5,247,15,10,2026-04-06 06:18:08.506566,29,87,3.9213721443011247,56,6,6
Jammu and Kashmir,34.0837,74.7973,50,76,31,394,25,61,2026-04-06 06:18:08.507950,39,86,6.131692885555214,104,6,6
Hyderabad,17.385,78.4867,90,139,36,102,4,71,2026-04-06 06:18:08.509516,35,65,7.633168071380126,115,6,6
Bangalore,12.9716,77.5946,29,48,40,335,23,76,2026-04-06 06:18:08.511380,36,83,5.012311601158293,213,6,6
Visakhapatnam,17.6868,83.2185,93,85,10,119,19,32,2026-04-06 07:18:08.504582,21,62,4.235139501134698,319,7,6
Mumbai,19.076,72.8777,55,59,12,252,18,71,2026-04-06 07:18:08.505591,36,43,2.221661285073937,297,7,6
Delhi,28.7041,77.1025,100,115,47,231,21,70,2026-04-06 07:18:08.506563,21,87,6.160439545270254,185,7,6
Jammu and Kashmir,34.0837,74.7973,75,30,37,212,11,27,2026-04-06 07:18:08.507946,21,86,2.20879149338475,319,7,6
Hyderabad,17.385,78.4867,28,118,5,121,17,62,2026-04-06 07:18:08.509506,39,41,7.367391314619162,323,7,6
Bangalore,12.9716,77.5946,118,139,36,306,29,64,2026-04-06 07:18:08.511374,38,42,7.889272199287403,198,7,6
Visakhapatnam,17.6868,83.2185,56,107,10,237,6,45,2026-04-06 08:18:08.504576,21,57,7.240169925638104,179,8,6
Mumbai,19.076,72.8777,105,119,13,123,18,53,2026-04-06 08:18:08.505587,31,50,2.927841633061432,332,8,6
Delhi,28.7041,77.1025,101,144,10,398,4,21,2026-04-06 08:18:08.506558,31,77,8.342911916003963,280,8,6
Jammu and Kashmir,34.0837,74.7973,42,131,26,195,11,35,2026-04-06 08:18:08.507943,31,75,1.9819331070364647,76,8,6
Hyderabad,17.385,78.4867,120,138,6,256,12,16,2026-04-06 08:18:08.509502,35,62,1.525786818528451,85,8,6
Bangalore,12.9716,77.5946,71,61,9,379,18,42,2026-04-06 08:18:08.511369,39,71,2.754012698779687,318,8,6
Visakhapatnam,17.6868,83.2185,107,89,47,158,25,77,2026-04-06 09:18:08.504570,37,60,4.818617003838534,355,9,6
Mumbai,19.076,72.8777,47,39,29,126,20,31,2026-04-06 09:18:08.505582,35,89,9.240975303649147,185,9,6
Delhi,28.7041,77.1025,56,88,50,200,26,35,2026-04-06 09:18:08.506553,21,57,9.963511621496828,338,9,6
Jammu and Kashmir,34.0837,74.7973,108,141,14,139,24,27,2026-04-06 09:18:08.507939,21,77,1.9411977837612693,323,9,6
Hyderabad,17.385,78.4867,23,44,43,138,18,70,2026-04-06 09:18:08.509498,30,72,2.444430394191186,266,9,6
Bangalore,12.9716,77.5946,49,41,33,382,17,72,2026-04-06 09:18:08.511364,34,61,6.567042602174262,178,9,6
Visakhapatnam,17.6868,83.2185,84,122,35,387,11,67,2026-04-06 10:18:08.504560,23,49,8.002473987982597,275,10,6
Mumbai,19.076,72.8777,31,134,6,383,27,15,2026-04-06 10:18:08.505579,34,79,4.76168817333967,352,10,6
Delhi,28.7041,77.1025,118,115,34,110,28,14,2026-04-06 10:18:08.506545,40,41,6.903002325009744,52,10,6
Jammu and Kashmir,34.0837,74.7973,36,58,16,193,30,49,2026-04-06 10:18:08.507936,22,86,4.700606285320925,10,10,6
Hyderabad,17.385,78.4867,107,111,39,115,3,60,2026-04-06 10:18:08.509492,25,78,1.6334503339787438,323,10,6
Bangalore,12.9716,77.5946,73,100,41,367,26,77,2026-04-06 10:18:08.511357,33,54,5.103392831479436,157,10,6
Visakhapatnam,17.6868,83.2185,25,104,44,304,13,19,2026-04-06 11:18:08.504530,40,77,5.869583275309623,114,11,6
Mumbai,19.076,72.8777,67,57,12,253,22,21,2026-04-06 11:18:08.505575,39,55,5.795264994519255,271,11,6
Delhi,28.7041,77.1025,45,145,16,354,21,19,2026-04-06 11:18:08.506540,22,49,5.639548698361137,68,11,6
Jammu and Kashmir,34.0837,74.7973,67,125,22,363,13,12,2026-04-06 11:18:08.507933,39,50,8.330222550277554,175,11,6
Hyderabad,17.385,78.4867,112,66,26,178,25,72,2026-04-06 11:18:08.509483,29,59,8.958021400296687,329,11,6
Bangalore,12.9716,77.5946,114,130,44,373,30,29,2026-04-06 11:18:08.511352,20,78,1.6897076349374114,87,11,6
Visakhapatnam,17.6868,83.2185,20,69,15,377,21,23,2026-04-06 12:18:08.504522,22,40,6.571318112402032,190,12,6
Mumbai,19.076,72.8777,46,101,48,315,4,38,2026-04-06 12:18:08.505572,34,46,7.578058759057495,93,12,6
Delhi,28.7041,77.1025,30,77,16,304,18,25,2026-04-06 12:18:08.506535,37,43,7.184381426515387,74,12,6
Jammu and Kashmir,34.0837,74.7973,64,128,6,257,15,28,2026-04-06 12:18:08.507929,30,83,1.0831448726978592,150,12,6
Hyderabad,17.385,78.4867,47,30,25,285,4,25,2026-04-06 12:18:08.509476,37,56,3.7445168113018,151,12,6
Bangalore,12.9716,77.5946,43,76,12,348,8,15,2026-04-06 12:18:08.511345,40,43,3.3762848316211502,26,12,6
Visakhapatnam,17.6868,83.2185,82,62,49,335,2,70,2026-04-06 13:18:08.504497,26,85,4.339299479649571,46,13,6
Mumbai,19.076,72.8777,48,34,47,376,2,69,2026-04-06 13:18:08.505568,35,65,6.494552612481556,93,13,6
Delhi,28.7041,77.1025,44,139,22,347,16,46,2026-04-06 13:18:08.506531,32,62,8.58504356078748,310,13,6
Jammu and Kashmir,34.0837,74.7973,114,148,16,378,14,39,2026-04-06 13:18:08.507926,20,44,9.716948946769348,106,13,6
Hyderabad,17.385,78.4867,41,73,24,400,5,60,2026-04-06 13:18:08.509470,24,81,4.638768581149643,296,13,6
Bangalore,12.9716,77.5946,81,108,26,301,11,69,2026-04-06 13:18:08.511336,24,46,7.670344568240408,178,13,6
Visakhapatnam,17.6868,83.2185,97,33,5,354,12,36,2026-04-06 14:18:08.504492,26,85,3.019654773191124,341,14,6
Mumbai,19.076,72.8777,68,148,26,225,21,36,2026-04-06 14:18:08.505565,20,47,9.9574260798169,55,14,6
Delhi,28.7041,77.1025,35,116,19,388,3,25,2026-04-06 14:18:08.506527,40,76,8.569537142050224,26,14,6
Jammu and Kashmir,34.0837,74.7973,87,30,7,348,14,71,2026-04-06 14:18:08.507922,27,84,5.170589648292851,104,14,6
Hyderabad,17.385,78.4867,63,58,45,146,4,22,2026-04-06 14:18:08.509464,38,77,1.40385408849784,241,14,6
Bangalore,12.9716,77.5946,40,53,5,231,14,28,2026-04-06 14:18:08.511330,37,69,6.681983669468078,106,14,6
Visakhapatnam,17.6868,83.2185,32,50,28,148,15,37,2026-04-06 15:18:08.504486,40,41,8.607724198297763,142,15,6
Mumbai,19.076,72.8777,67,125,48,325,27,37,2026-04-06 15:18:08.505561,32,76,4.319183443134996,337,15,6
Delhi,28.7041,77.1025,110,102,44,180,26,73,2026-04-06 15:18:08.506523,25,87,7.43128820048242,326,15,6
Jammu and Kashmir,34.0837,74.7973,114,73,13,357,7,68,2026-04-06 15:18:08.507918,29,83,5.215070951013841,179,15,6
Hyderabad,17.385,78.4867,55,102,46,393,15,32,2026-04-06 15:18:08.509459,33,53,4.092601475978223,328,15,6
Bangalore,12.9716,77.5946,96,41,23,353,28,77,2026-04-06 15:18:08.511323,22,64,6.5375133235384695,24,15,6
Visakhapatnam,17.6868,83.2185,91,95,29,281,7,19,2026-04-06 16:18:08.504482,23,87,9.13827640256151,317,16,6
Mumbai,19.076,72.8777,98,52,14,292,2,20,2026-04-06 16:18:08.505557,27,65,2.5741269642085576,59,16,6
Delhi,28.7041,77.1025,64,143,32,369,29,17,2026-04-06 16:18:08.506519,22,68,3.0617956714043384,319,16,6
Jammu and Kashmir,34.0837,74.7973,40,102,47,203,7,75,2026-04-06 16:18:08.507915,31,48,1.5570827157498583,157,16,6
Hyderabad,17.385,78.4867,27,119,50,327,20,79,2026-04-06 16:18:08.509453,26,61,6.805056200625022,297,16,6
Bangalore,12.9716,77.5946,115,131,31,198,15,35,2026-04-06 16:18:08.511316,21,43,5.810923021256138,55,16,6
Visakhapatnam,17.6868,83.2185,46,85,34,148,17,32,2026-04-06 17:18:08.504478,40,83,7.573387019523549,158,17,6
Mumbai,19.076,72.8777,70,32,15,274,27,23,2026-04-06 17:18:08.505551,26,73,9.613749846400973,144,17,6
Delhi,28.7041,77.1025,87,111,23,333,2,19,2026-04-06 17:18:08.506516,40,90,5.356458293667116,258,17,6
Jammu and Kashmir,34.0837,74.7973,84,37,10,120,8,51,2026-04-06 17:18:08.507911,36,61,2.4827708668851285,290,17,6
Hyderabad,17.385,78.4867,80,104,7,102,28,42,2026-04-06 17:18:08.509446,25,47,7.892963443964296,202,17,6
Bangalore,12.9716,77.5946,116,112,47,300,3,37,2026-04-06 17:18:08.511310,34,47,4.950181659220197,24,17,6
Visakhapatnam,17.6868,83.2185,74,134,7,392,27,42,2026-04-06 18:18:08.504474,23,64,1.830110610763636,305,18,6
Mumbai,19.076,72.8777,112,144,8,164,6,52,2026-04-06 18:18:08.505545,35,88,4.865342211617708,168,18,6
Delhi,28.7041,77.1025,53,40,12,311,24,70,2026-04-06 18:18:08.506512,20,47,8.229462456572433,193,18,6
Jammu and Kashmir,34.0837,74.7973,47,143,25,180,16,32,2026-04-06 18:18:08.507908,38,60,1.7465740333545632,224,18,6
Hyderabad,17.385,78.4867,84,49,46,270,29,26,2026-04-06 18:18:08.509430,32,82,7.910912101606335,26,18,6
Bangalore,12.9716,77.5946,59,50,10,343,15,14,2026-04-06 18:18:08.511302,23,80,6.349083018041704,194,18,6
Visakhapatnam,17.6868,83.2185,74,80,20,148,22,22,2026-04-06 19:18:08.504470,34,73,8.954867832464817,63,19,6
Mumbai,19.076,72.8777,63,80,31,240,2,55,2026-04-06 19:18:08.505540,37,41,2.8946051612435943,119,19,6
Delhi,28.7041,77.1025,118,101,39,214,17,36,2026-04-06 19:18:08.506509,21,44,2.9321087066726985,324,19,6
Jammu and Kashmir,34.0837,74.7973,106,64,18,264,17,13,2026-04-06 19:18:08.507903,20,54,1.3152620080108866,95,19,6
Hyderabad,17.385,78.4867,66,46,48,390,29,28,2026-04-06 19:18:08.509409,27,66,2.476135093902288,260,19,6
Bangalore,12.9716,77.5946,57,139,6,302,18,65,2026-04-06 19:18:08.511296,35,72,1.6630933236777374,293,19,6
Visakhapatnam,17.6868,83.2185,22,43,25,396,9,22,2026-04-06 20:18:08.504465,24,71,9.894484635838534,222,20,6
Mumbai,19.076,72.8777,68,43,42,103,9,67,2026-04-06 20:18:08.505534,35,60,3.117148608961162,72,20,6
Delhi,28.7041,77.1025,118,142,22,272,10,15,2026-04-06 20:18:08.506506,26,66,3.924189498795848,70,20,6
Jammu and Kashmir,34.0837,74.7973,38,134,11,159,26,61,2026-04-06 20:18:08.507897,22,48,8.016111717695422,63,20,6
Hyderabad,17.385,78.4867,34,96,45,109,26,56,2026-04-06 20:18:08.509395,35,53,3.4735226936049046,239,20,6
Bangalore,12.9716,77.5946,44,143,30,383,6,17,2026-04-06 20:18:08.511289,39,80,4.125497855938738,286,20,6
Visakhapatnam,17.6868,83.2185,56,54,23,105,6,17,2026-04-06 21:18:08.504461,27,48,5.250572090392511,290,21,6
Mumbai,19.076,72.8777,64,145,42,211,26,62,2026-04-06 21:18:08.505530,39,62,2.4548956408453937,304,21,6
Delhi,28.7041,77.1025,65,67,39,307,10,70,2026-04-06 21:18:08.506502,40,57,7.492464011141116,172,21,6
Jammu and Kashmir,34.0837,74.7973,120,119,10,159,2,46,2026-04-06 21:18:08.507890,33,85,5.2491300529620535,71,21,6
Hyderabad,17.385,78.4867,24,52,5,282,17,17,2026-04-06 21:18:08.509389,33,75,2.3140496760803586,210,21,6
Bangalore,12.9716,77.5946,23,86,33,190,10,11,2026-04-06 21:18:08.511282,25,78,1.5415848760849606,211,21,6
Visakhapatnam,17.6868,83.2185,94,127,18,207,30,65,2026-04-06 22:18:08.504454,36,72,6.093912746805344,60,22,6
Mumbai,19.076,72.8777,76,67,9,301,3,76,2026-04-06 22:18:08.505526,28,84,4.415799392526292,24,22,6
Delhi,28.7041,77.1025,52,104,17,356,29,37,2026-04-06 22:18:08.506499,37,50,3.1318854801970417,5,22,6
Jammu and Kashmir,34.0837,74.7973,54,146,15,197,14,73,2026-04-06 22:18:08.507885,26,82,7.972186940634345,184,22,6
Hyderabad,17.385,78.4867,60,129,17,291,15,15,2026-04-06 22:18:08.509382,31,78,6.639557060324968,89,22,6
Bangalore,12.9716,77.5946,53,116,15,288,11,50,2026-04-06 22:18:08.511275,27,60,1.809901873038807,153,22,6
Visakhapatnam,17.6868,83.2185,39,68,24,133,19,42,2026-04-06 23:18:08.504439,30,57,6.122678643602671,267,23,6
Mumbai,19.076,72.8777,97,44,13,176,19,67,2026-04-06 23:18:08.505522,27,81,9.150406690309136,52,23,6
Delhi,28.7041,77.1025,57,61,50,376,30,55,2026-04-06 23:18:08.506495,26,87,5.131222595834581,171,23,6
Jammu and Kashmir,34.0837,74.7973,83,125,30,223,6,36,2026-04-06 23:18:08.507880,32,77,5.924633170791091,299,23,6
Hyderabad,17.385,78.4867,97,130,13,241,5,60,2026-04-06 23:18:08.509375,38,51,5.992024149637516,199,23,6
Bangalore,12.9716,77.5946,37,60,44,201,24,33,2026-04-06 23:18:08.511268,28,83,9.860304404294798,17,23,6
