location,latitude,longitude,pm2_5,pm10,no2,co,so2,o3,timestamp
Visakhapatnam,17.6868,83.2185,39,68,24,133,19,42,2026-04-06 23:18:08.504439
Visakhapatnam,17.6868,83.2185,94,127,18,207,30,65,2026-04-06 22:18:08.504454
Visakhapatnam,17.6868,83.2185,56,54,23,105,6,17,2026-04-06 21:18:08.504461
Visakhapatnam,17.6868,83.2185,22,43,25,396,9,22,2026-04-06 20:18:08.504465
Visakhapatnam,17.6868,83.2185,74,80,20,148,22,22,2026-04-06 19:18:08.504470
Visakhapatnam,17.6868,83.2185,74,134,7,392,27,42,2026-04-06 18:18:08.504474
Visakhapatnam,17.6868,83.2185,46,85,34,148,17,32,2026-04-06 17:18:08.504478
Visakhapatnam,17.6868,83.2185,91,95,29,281,7,19,2026-04-06 16:18:08.504482
Visakhapatnam,17.6868,83.2185,32,50,28,148,15,37,2026-04-06 15:18:08.504486
Visakhapatnam,17.6868,83.2185,97,33,5,354,12,36,2026-04-06 14:18:08.504492
Visakhapatnam,17.6868,83.2185,82,62,49,335,2,70,2026-04-06 13:18:08.504497
Visakhapatnam,17.6868,83.2185,20,69,15,377,21,23,2026-04-06 12:18:08.504522
Visakhapatnam,17.6868,83.2185,25,104,44,304,13,19,2026-04-06 11:18:08.504530
Visakhapatnam,17.6868,83.2185,84,122,35,387,11,67,2026-04-06 10:18:08.504560
Visakhapatnam,17.6868,83.2185,107,89,47,158,25,77,2026-04-06 09:18:08.504570
Visakhapatnam,17.6868,83.2185,56,107,10,237,6,45,2026-04-06 08:18:08.504576
Visakhapatnam,17.6868,83.2185,93,85,10,119,19,32,2026-04-06 07:18:08.504582
Visakhapatnam,17.6868,83.2185,83,73,43,249,22,69,2026-04-06 06:18:08.504588
Visakhapatnam,17.6868,83.2185,49,75,12,119,28,58,2026-04-06 05:18:08.504595
Visakhapatnam,17.6868,83.2185,20,58,13,397,11,41,2026-04-06 04:18:08.504603
Visakhapatnam,17.6868,83.2185,76,96,8,284,25,40,2026-04-06 03:18:08.504610
Visakhapatnam,17.6868,83.2185,97,77,29,397,30,58,2026-04-06 02:18:08.504618
Visakhapatnam,17.6868,83.2185,21,122,18,197,3,54,2026-04-06 01:18:08.504624
Visakhapatnam,17.6868,83.2185,41,40,36,127,7,12,2026-04-06 00:18:08.504632
Visakhapatnam,17.6868,83.2185,105,73,41,299,7,71,2026-04-05 23:18:08.504639
Visakhapatnam,17.6868,83.2185,74,62,7,366,16,59,2026-04-05 22:18:08.504646
Visakhapatnam,17.6868,83.2185,108,59,27,202,28,69,2026-04-05 21:18:08.504653
Visakhapatnam,17.6868,83.2185,28,150,22,338,19,79,2026-04-05 20:18:08.504660
Visakhapatnam,17.6868,83.2185,63,81,10,207,25,28,2026-04-05 19:18:08.504667
Visakhapatnam,17.6868,83.2185,73,111,48,183,2,28,2026-04-05 18:18:08.504674
Visakhapatnam,17.6868,83.2185,48,84,48,220,8,32,2026-04-05 17:18:08.504681
Visakhapatnam,17.6868,83.2185,108,50,27,277,14,76,2026-04-05 16:18:08.504688
Visakhapatnam,17.6868,83.2185,51,61,39,237,16,32,2026-04-05 15:18:08.504695
Visakhapatnam,17.6868,83.2185,32,82,34,253,13,36,2026-04-05 14:18:08.504702
Visakhapatnam,17.6868,83.2185,23,44,7,258,2,41,2026-04-05 13:18:08.504708
Visakhapatnam,17.6868,83.2185,62,128,39,139,2,80,2026-04-05 12:18:08.504714
Visakhapatnam,17.6868,83.2185,73,38,16,245,12,16,2026-04-05 11:18:08.504720
Visakhapatnam,17.6868,83.2185,97,121,28,212,22,50,2026-04-05 10:18:08.504726
Visakhapatnam,17.6868,83.2185,104,117,42,364,20,63,2026-04-05 09:18:08.504730
Visakhapatnam,17.6868,83.2185,30,47,7,213,17,35,2026-04-05 08:18:08.504733
Visakhapatnam,17.6868,83.2185,60,123,19,218,14,23,2026-04-05 07:18:08.504737
Visakhapatnam,17.6868,83.2185,88,149,50,106,22,44,2026-04-05 06:18:08.504741
Visakhapatnam,17.6868,83.2185,103,32,37,101,17,76,2026-04-05 05:18:08.504744
Visakhapatnam,17.6868,83.2185,22,35,46,281,19,16,2026-04-05 04:18:08.504748
Visakhapatnam,17.6868,83.2185,53,68,14,335,2,47,2026-04-05 03:18:08.504752
Visakhapatnam,17.6868,83.2185,89,72,13,110,23,11,2026-04-05 02:18:08.504755
Visakhapatnam,17.6868,83.2185,77,141,25,228,20,56,2026-04-05 01:18:08.504759
Visakhapatnam,17.6868,83.2185,43,92,41,268,10,30,2026-04-05 00:18:08.504762
Visakhapatnam,17.6868,83.2185,36,57,24,155,7,45,2026-04-04 23:18:08.504766
Visakhapatnam,17.6868,83.2185,109,110,19,161,24,31,2026-04-04 22:18:08.504769
Visakhapatnam,17.6868,83.2185,28,101,42,140,18,52,2026-04-04 21:18:08.504773
Visakhapatnam,17.6868,83.2185,32,113,27,389,30,46,2026-04-04 20:18:08.504776
Visakhapatnam,17.6868,83.2185,112,141,47,330,24,70,2026-04-04 19:18:08.504779
Visakhapatnam,17.6868,83.2185,56,93,21,370,13,18,2026-04-04 18:18:08.504783
Visakhapatnam,17.6868,83.2185,67,126,35,358,8,54,2026-04-04 17:18:08.504787
Visakhapatnam,17.6868,83.2185,98,66,32,213,23,53,2026-04-04 16:18:08.504790
Visakhapatnam,17.6868,83.2185,41,130,39,191,27,63,2026-04-04 15:18:08.504794
Visakhapatnam,17.6868,83.2185,78,44,22,190,2,66,2026-04-04 14:18:08.504797
Visakhapatnam,17.6868,83.2185,115,34,24,357,30,51,2026-04-04 13:18:08.504800
Visakhapatnam,17.6868,83.2185,24,76,50,286,23,46,2026-04-04 12:18:08.504804
Visakhapatnam,17.6868,83.2185,98,85,22,235,25,20,2026-04-04 11:18:08.504807
Visakhapatnam,17.6868,83.2185,56,77,21,284,2,72,2026-04-04 10:18:08.504811
Visakhapatnam,17.6868,83.2185,77,70,10,215,20,69,2026-04-04 09:18:08.504814
Visakhapatnam,17.6868,83.2185,56,88,25,197,17,49,2026-04-04 08:18:08.504818
Visakhapatnam,17.6868,83.2185,21,130,14,300,5,12,2026-04-04 07:18:08.504821
Visakhapatnam,17.6868,83.2185,83,130,14,188,28,46,2026-04-04 06:18:08.504827
Visakhapatnam,17.6868,83.2185,117,63,20,386,13,69,2026-04-04 05:18:08.504833
Visakhapatnam,17.6868,83.2185,77,147,25,315,11,22,2026-04-04 04:18:08.504839
Visakhapatnam,17.6868,83.2185,88,114,6,390,19,68,2026-04-04 03:18:08.504845
Visakhapatnam,17.6868,83.2185,46,105,47,198,16,49,2026-04-04 02:18:08.504850
Visakhapatnam,17.6868,83.2185,48,36,41,215,8,33,2026-04-04 01:18:08.504854
Visakhapatnam,17.6868,83.2185,48,41,6,232,11,25,2026-04-04 00:18:08.504858
Visakhapatnam,17.6868,83.2185,93,128,45,346,27,39,2026-04-03 23:18:08.504861
Visakhapatnam,17.6868,83.2185,73,91,46,144,20,70,2026-04-03 22:18:08.504865
Visakhapatnam,17.6868,83.2185,103,85,29,151,21,46,2026-04-03 21:18:08.504868
Visakhapatnam,17.6868,83.2185,23,73,28,233,16,31,2026-04-03 20:18:08.504872
Visakhapatnam,17.6868,83.2185,92,47,46,282,28,27,2026-04-03 19:18:08.504876
Visakhapatnam,17.6868,83.2185,44,56,42,357,19,18,2026-04-03 18:18:08.504881
Visakhapatnam,17.6868,83.2185,64,139,20,303,30,46,2026-04-03 17:18:08.504885
Visakhapatnam,17.6868,83.2185,47,81,10,133,4,78,2026-04-03 16:18:08.504889
Visakhapatnam,17.6868,83.2185,58,120,10,166,17,12,2026-04-03 15:18:08.504892
Visakhapatnam,17.6868,83.2185,89,127,13,305,7,43,2026-04-03 14:18:08.504896
Visakhapatnam,17.6868,83.2185,91,79,12,306,2,43,2026-04-03 13:18:08.504899
Visakhapatnam,17.6868,83.2185,47,63,45,192,4,53,2026-04-03 12:18:08.504904
Visakhapatnam,17.6868,83.2185,72,83,7,333,3,39,2026-04-03 11:18:08.504908
Visakhapatnam,17.6868,83.2185,31,54,33,176,3,63,2026-04-03 10:18:08.504911
Visakhapatnam,17.6868,83.2185,35,40,46,331,20,40,2026-04-03 09:18:08.504915
Visakhapatnam,17.6868,83.2185,119,146,37,245,28,30,2026-04-03 08:18:08.504918
Visakhapatnam,17.6868,83.2185,99,131,45,184,30,79,2026-04-03 07:18:08.504921
Visakhapatnam,17.6868,83.2185,97,39,5,198,15,52,2026-04-03 06:18:08.504925
Visakhapatnam,17.6868,83.2185,42,63,47,284,13,11,2026-04-03 05:18:08.504929
Visakhapatnam,17.6868,83.2185,66,68,27,306,3,36,2026-04-03 04:18:08.504934
Visakhapatnam,17.6868,83.2185,21,59,14,355,17,32,2026-04-03 03:18:08.504939
Visakhapatnam,17.6868,83.2185,88,31,48,239,6,63,2026-04-03 02:18:08.504946
Visakhapatnam,17.6868,83.2185,74,76,30,209,9,63,2026-04-03 01:18:08.504952
Visakhapatnam,17.6868,83.2185,41,143,18,397,27,52,2026-04-03 00:18:08.504956
Visakhapatnam,17.6868,83.2185,59,39,10,282,20,43,2026-04-02 23:18:08.504960
Visakhapatnam,17.6868,83.2185,120,149,25,370,11,80,2026-04-02 22:18:08.504963
Visakhapatnam,17.6868,83.2185,65,123,20,379,25,74,2026-04-02 21:18:08.504967
Visakhapatnam,17.6868,83.2185,119,86,45,182,25,57,2026-04-02 20:18:08.504970
Visakhapatnam,17.6868,83.2185,51,49,33,202,13,59,2026-04-02 19:18:08.504974
Visakhapatnam,17.6868,83.2185,67,48,49,198,25,18,2026-04-02 18:18:08.504977
Visakhapatnam,17.6868,83.2185,118,49,38,208,21,46,2026-04-02 17:18:08.504981
Visakhapatnam,17.6868,83.2185,102,97,47,177,17,17,2026-04-02 16:18:08.504984
Visakhapatnam,17.6868,83.2185,47,121,49,389,26,10,2026-04-02 15:18:08.504988
Visakhapatnam,17.6868,83.2185,70,72,22,234,13,32,2026-04-02 14:18:08.504991
Visakhapatnam,17.6868,83.2185,63,53,14,187,19,28,2026-04-02 13:18:08.504994
Visakhapatnam,17.6868,83.2185,56,122,8,225,6,16,2026-04-02 12:18:08.504997
Visakhapatnam,17.6868,83.2185,101,100,10,309,5,73,2026-04-02 11:18:08.505001
Visakhapatnam,17.6868,83.2185,120,134,37,181,18,40,2026-04-02 10:18:08.505005
Visakhapatnam,17.6868,83.2185,119,149,23,178,20,25,2026-04-02 09:18:08.505008
Visakhapatnam,17.6868,83.2185,58,35,14,350,5,20,2026-04-02 08:18:08.505012
Visakhapatnam,17.6868,83.2185,98,90,16,102,29,23,2026-04-02 07:18:08.505015
Visakhapatnam,17.6868,83.2185,98,137,48,284,3,31,2026-04-02 06:18:08.505019
Visakhapatnam,17.6868,83.2185,88,75,50,290,13,75,2026-04-02 05:18:08.505022
Visakhapatnam,17.6868,83.2185,109,107,41,154,12,80,2026-04-02 04:18:08.505026
Visakhapatnam,17.6868,83.2185,118,72,18,128,16,74,2026-04-02 03:18:08.505029
Visakhapatnam,17.6868,83.2185,96,96,14,367,11,51,2026-04-02 02:18:08.505034
Visakhapatnam,17.6868,83.2185,97,66,6,268,23,27,2026-04-02 01:18:08.505040
Visakhapatnam,17.6868,83.2185,58,79,26,281,24,33,2026-04-02 00:18:08.505046
Visakhapatnam,17.6868,83.2185,99,119,19,372,4,73,2026-04-01 23:18:08.505052
Visakhapatnam,17.6868,83.2185,77,64,39,222,29,50,2026-04-01 22:18:08.505057
Visakhapatnam,17.6868,83.2185,42,145,26,376,4,74,2026-04-01 21:18:08.505060
Visakhapatnam,17.6868,83.2185,78,95,23,289,12,41,2026-04-01 20:18:08.505064
Visakhapatnam,17.6868,83.2185,82,121,45,375,8,28,2026-04-01 19:18:08.505067
Visakhapatnam,17.6868,83.2185,85,124,25,371,16,55,2026-04-01 18:18:08.505071
Visakhapatnam,17.6868,83.2185,23,99,37,190,20,17,2026-04-01 17:18:08.505075
Visakhapatnam,17.6868,83.2185,91,40,16,126,3,78,2026-04-01 16:18:08.505078
Visakhapatnam,17.6868,83.2185,114,126,13,361,7,41,2026-04-01 15:18:08.505082
Visakhapatnam,17.6868,83.2185,69,36,14,160,20,18,2026-04-01 14:18:08.505086
Visakhapatnam,17.6868,83.2185,100,69,12,257,13,40,2026-04-01 13:18:08.505089
Visakhapatnam,17.6868,83.2185,79,61,41,250,4,35,2026-04-01 12:18:08.505092
Visakhapatnam,17.6868,83.2185,69,150,16,289,25,29,2026-04-01 11:18:08.505096
Visakhapatnam,17.6868,83.2185,53,88,38,167,19,24,2026-04-01 10:18:08.505099
Visakhapatnam,17.6868,83.2185,63,146,41,229,19,21,2026-04-01 09:18:08.505103
Visakhapatnam,17.6868,83.2185,73,126,44,334,28,36,2026-04-01 08:18:08.505106
Visakhapatnam,17.6868,83.2185,44,121,13,209,30,28,2026-04-01 07:18:08.505109
Visakhapatnam,17.6868,83.2185,56,124,38,253,14,38,2026-04-01 06:18:08.505113
Visakhapatnam,17.6868,83.2185,87,91,9,178,20,28,2026-04-01 05:18:08.505117
Visakhapatnam,17.6868,83.2185,59,77,24,210,7,40,2026-04-01 04:18:08.505120
Visakhapatnam,17.6868,83.2185,98,102,8,371,9,41,2026-04-01 03:18:08.505123
Visakhapatnam,17.6868,83.2185,44,121,44,397,25,16,2026-04-01 02:18:08.505127
Visakhapatnam,17.6868,83.2185,85,74,8,191,27,17,2026-04-01 01:18:08.505130
Visakhapatnam,17.6868,83.2185,107,33,15,281,19,77,2026-04-01 00:18:08.505135
Visakhapatnam,17.6868,83.2185,53,62,33,256,15,20,2026-03-31 23:18:08.505140
Visakhapatnam,17.6868,83.2185,119,96,28,286,7,66,2026-03-31 22:18:08.505146
Visakhapatnam,17.6868,83.2185,36,34,42,335,16,38,2026-03-31 21:18:08.505152
Visakhapatnam,17.6868,83.2185,80,150,35,118,2,43,2026-03-31 20:18:08.505158
Visakhapatnam,17.6868,83.2185,58,68,27,267,8,62,2026-03-31 19:18:08.505161
Visakhapatnam,17.6868,83.2185,83,80,17,306,29,19,2026-03-31 18:18:08.505165
Visakhapatnam,17.6868,83.2185,112,107,8,153,20,23,2026-03-31 17:18:08.505168
Visakhapatnam,17.6868,83.2185,39,60,39,217,4,18,2026-03-31 16:18:08.505172
Visakhapatnam,17.6868,83.2185,53,77,10,257,30,22,2026-03-31 15:18:08.505176
Visakhapatnam,17.6868,83.2185,103,140,37,388,21,70,2026-03-31 14:18:08.505179
Visakhapatnam,17.6868,83.2185,79,82,18,161,28,40,2026-03-31 13:18:08.505182
Visakhapatnam,17.6868,83.2185,88,130,46,146,23,30,2026-03-31 12:18:08.505186
Visakhapatnam,17.6868,83.2185,53,116,20,159,29,37,2026-03-31 11:18:08.505189
Visakhapatnam,17.6868,83.2185,91,130,36,193,26,33,2026-03-31 10:18:08.505193
Visakhapatnam,17.6868,83.2185,25,126,9,116,13,32,2026-03-31 09:18:08.505196
Visakhapatnam,17.6868,83.2185,110,70,12,322,15,34,2026-03-31 08:18:08.505200
Visakhapatnam,17.6868,83.2185,73,150,49,218,12,24,2026-03-31 07:18:08.505203
Visakhapatnam,17.6868,83.2185,80,31,36,351,30,63,2026-03-31 06:18:08.505206
Visakhapatnam,17.6868,83.2185,94,72,30,203,2,38,2026-03-31 05:18:08.505209
Visakhapatnam,17.6868,83.2185,87,84,29,222,4,33,2026-03-31 04:18:08.505213
Visakhapatnam,17.6868,83.2185,116,86,11,132,17,21,2026-03-31 03:18:08.505216
Visakhapatnam,17.6868,83.2185,92,53,48,105,30,38,2026-03-31 02:18:08.505220
Visakhapatnam,17.6868,83.2185,77,44,38,395,20,26,2026-03-31 01:18:08.505223
Visakhapatnam,17.6868,83.2185,85,116,38,161,18,24,2026-03-31 00:18:08.505227
Visakhapatnam,17.6868,83.2185,39,68,50,338,15,43,2026-03-30 23:18:08.505230
Visakhapatnam,17.6868,83.2185,108,133,32,390,16,72,2026-03-30 22:18:08.505235
Visakhapatnam,17.6868,83.2185,85,46,25,127,21,12,2026-03-30 21:18:08.505241
Visakhapatnam,17.6868,83.2185,82,40,22,120,29,17,2026-03-30 20:18:08.505246
Visakhapatnam,17.6868,83.2185,106,99,42,337,9,38,2026-03-30 19:18:08.505253
Visakhapatnam,17.6868,83.2185,53,56,42,352,8,71,2026-03-30 18:18:08.505258
Visakhapatnam,17.6868,83.2185,39,101,35,208,16,30,2026-03-30 17:18:08.505262
Visakhapatnam,17.6868,83.2185,33,128,45,360,15,28,2026-03-30 16:18:08.505266
Visakhapatnam,17.6868,83.2185,57,139,18,359,12,57,2026-03-30 15:18:08.505269
Visakhapatnam,17.6868,83.2185,33,111,38,243,29,65,2026-03-30 14:18:08.505273
Visakhapatnam,17.6868,83.2185,91,52,18,311,10,73,2026-03-30 13:18:08.505277
Visakhapatnam,17.6868,83.2185,50,60,32,304,7,78,2026-03-30 12:18:08.505280
Visakhapatnam,17.6868,83.2185,77,111,7,140,25,79,2026-03-30 11:18:08.505283
Visakhapatnam,17.6868,83.2185,84,136,24,335,21,35,2026-03-30 10:18:08.505287
Visakhapatnam,17.6868,83.2185,111,60,48,111,3,33,2026-03-30 09:18:08.505291
Visakhapatnam,17.6868,83.2185,38,135,13,316,28,26,2026-03-30 08:18:08.505295
Visakhapatnam,17.6868,83.2185,43,120,35,234,30,72,2026-03-30 07:18:08.505298
Visakhapatnam,17.6868,83.2185,109,66,25,320,28,15,2026-03-30 06:18:08.505302
Visakhapatnam,17.6868,83.2185,25,136,31,314,7,63,2026-03-30 05:18:08.505305
Visakhapatnam,17.6868,83.2185,77,43,7,228,11,70,2026-03-30 04:18:08.505308
Visakhapatnam,17.6868,83.2185,79,37,30,201,10,47,2026-03-30 03:18:08.505312
Visakhapatnam,17.6868,83.2185,70,57,6,371,27,49,2026-03-30 02:18:08.505316
Visakhapatnam,17.6868,83.2185,98,36,5,159,27,22,2026-03-30 01:18:08.505319
Visakhapatnam,17.6868,83.2185,85,98,38,306,12,47,2026-03-30 00:18:08.505323
Visakhapatnam,17.6868,83.2185,44,100,19,222,12,15,2026-03-29 23:18:08.505326
Visakhapatnam,17.6868,83.2185,94,75,13,383,10,70,2026-03-29 22:18:08.505330
Visakhapatnam,17.6868,83.2185,89,57,16,133,13,62,2026-03-29 21:18:08.505334
Visakhapatnam,17.6868,83.2185,39,104,26,216,5,41,2026-03-29 20:18:08.505339
Visakhapatnam,17.6868,83.2185,103,106,37,265,25,46,2026-03-29 19:18:08.505345
Visakhapatnam,17.6868,83.2185,33,35,8,231,19,33,2026-03-29 18:18:08.505351
Visakhapatnam,17.6868,83.2185,86,141,48,391,20,33,2026-03-29 17:18:08.505357
Visakhapatnam,17.6868,83.2185,83,142,50,299,6,51,2026-03-29 16:18:08.505361
Visakhapatnam,17.6868,83.2185,62,148,21,295,16,60,2026-03-29 15:18:08.505364
Visakhapatnam,17.6868,83.2185,109,110,37,322,6,66,2026-03-29 14:18:08.505368
Visakhapatnam,17.6868,83.2185,24,69,49,297,23,50,2026-03-29 13:18:08.505372
Visakhapatnam,17.6868,83.2185,96,118,38,369,21,31,2026-03-29 12:18:08.505375
Visakhapatnam,17.6868,83.2185,80,71,35,264,10,62,2026-03-29 11:18:08.505379
Visakhapatnam,17.6868,83.2185,28,47,8,347,11,71,2026-03-29 10:18:08.505382
Visakhapatnam,17.6868,83.2185,41,120,36,325,19,68,2026-03-29 09:18:08.505385
Visakhapatnam,17.6868,83.2185,59,67,10,217,29,71,2026-03-29 08:18:08.505389
Visakhapatnam,17.6868,83.2185,111,80,29,291,26,12,2026-03-29 07:18:08.505392
Visakhapatnam,17.6868,83.2185,76,48,48,217,12,44,2026-03-29 06:18:08.505396
Visakhapatnam,17.6868,83.2185,27,32,20,380,29,20,2026-03-29 05:18:08.505399
Visakhapatnam,17.6868,83.2185,55,142,35,149,15,71,2026-03-29 04:18:08.505403
Visakhapatnam,17.6868,83.2185,62,123,44,380,26,65,2026-03-29 03:18:08.505406
Visakhapatnam,17.6868,83.2185,93,57,14,298,24,58,2026-03-29 02:18:08.505409
Visakhapatnam,17.6868,83.2185,91,51,45,206,2,65,2026-03-29 01:18:08.505413
Visakhapatnam,17.6868,83.2185,73,58,19,276,23,52,2026-03-29 00:18:08.505416
Visakhapatnam,17.6868,83.2185,81,93,34,381,9,49,2026-03-28 23:18:08.505420
Visakhapatnam,17.6868,83.2185,81,123,46,325,23,21,2026-03-28 22:18:08.505424
Visakhapatnam,17.6868,83.2185,77,96,48,342,5,71,2026-03-28 21:18:08.505427
Visakhapatnam,17.6868,83.2185,108,43,18,180,14,70,2026-03-28 20:18:08.505430
Visakhapatnam,17.6868,83.2185,116,63,29,313,2,19,2026-03-28 19:18:08.505435
Visakhapatnam,17.6868,83.2185,102,109,28,337,26,51,2026-03-28 18:18:08.505440
Visakhapatnam,17.6868,83.2185,92,32,41,247,10,59,2026-03-28 17:18:08.505446
Visakhapatnam,17.6868,83.2185,36,37,5,230,28,66,2026-03-28 16:18:08.505452
Visakhapatnam,17.6868,83.2185,48,72,11,100,30,42,2026-03-28 15:18:08.505458
Visakhapatnam,17.6868,83.2185,87,128,11,239,7,47,2026-03-28 14:18:08.505461
Visakhapatnam,17.6868,83.2185,103,147,30,164,15,45,2026-03-28 13:18:08.505465
Visakhapatnam,17.6868,83.2185,42,32,16,275,9,69,2026-03-28 12:18:08.505468
Visakhapatnam,17.6868,83.2185,87,82,10,329,13,55,2026-03-28 11:18:08.505472
Visakhapatnam,17.6868,83.2185,20,129,17,199,5,18,2026-03-28 10:18:08.505476
Visakhapatnam,17.6868,83.2185,108,118,28,183,5,36,2026-03-28 09:18:08.505479
Visakhapatnam,17.6868,83.2185,46,47,43,196,12,18,2026-03-28 08:18:08.505482
Visakhapatnam,17.6868,83.2185,24,133,15,310,5,58,2026-03-28 07:18:08.505486
Visakhapatnam,17.6868,83.2185,58,73,24,216,21,14,2026-03-28 06:18:08.505490
Visakhapatnam,17.6868,83.2185,92,93,40,200,30,69,2026-03-28 05:18:08.505493
Visakhapatnam,17.6868,83.2185,25,34,46,203,6,63,2026-03-28 04:18:08.505497
Visakhapatnam,17.6868,83.2185,57,30,16,131,29,49,2026-03-28 03:18:08.505504
Visakhapatnam,17.6868,83.2185,42,50,27,321,28,56,2026-03-28 02:18:08.505508
Visakhapatnam,17.6868,83.2185,96,123,24,292,10,26,2026-03-28 01:18:08.505511
Visakhapatnam,17.6868,83.2185,26,56,22,127,6,44,2026-03-28 00:18:08.505515
Mumbai,19.076,72.8777,97,44,13,176,19,67,2026-04-06 23:18:08.505522
Mumbai,19.076,72.8777,76,67,9,301,3,76,2026-04-06 22:18:08.505526
Mumbai,19.076,72.8777,64,145,42,211,26,62,2026-04-06 21:18:08.505530
Mumbai,19.076,72.8777,68,43,42,103,9,67,2026-04-06 20:18:08.505534
Mumbai,19.076,72.8777,63,80,31,240,2,55,2026-04-06 19:18:08.505540
Mumbai,19.076,72.8777,112,144,8,164,6,52,2026-04-06 18:18:08.505545
Mumbai,19.076,72.8777,70,32,15,274,27,23,2026-04-06 17:18:08.505551
Mumbai,19.076,72.8777,98,52,14,292,2,20,2026-04-06 16:18:08.505557
Mumbai,19.076,72.8777,67,125,48,325,27,37,2026-04-06 15:18:08.505561
Mumbai,19.076,72.8777,68,148,26,225,21,36,2026-04-06 14:18:08.505565
Mumbai,19.076,72.8777,48,34,47,376,2,69,2026-04-06 13:18:08.505568
Mumbai,19.076,72.8777,46,101,48,315,4,38,2026-04-06 12:18:08.505572
Mumbai,19.076,72.8777,67,57,12,253,22,21,2026-04-06 11:18:08.505575
Mumbai,19.076,72.8777,31,134,6,383,27,15,2026-04-06 10:18:08.505579
Mumbai,19.076,72.8777,47,39,29,126,20,31,2026-04-06 09:18:08.505582
Mumbai,19.076,72.8777,105,119,13,123,18,53,2026-04-06 08:18:08.505587
Mumbai,19.076,72.8777,55,59,12,252,18,71,2026-04-06 07:18:08.505591
Mumbai,19.076,72.8777,67,58,31,144,19,16,2026-04-06 06:18:08.505594
Mumbai,19.076,72.8777,53,85,14,203,28,68,2026-04-06 05:18:08.505598
Mumbai,19.076,72.8777,31,60,26,273,12,44,2026-04-06 04:18:08.505601
Mumbai,19.076,72.8777,61,85,33,157,9,77,2026-04-06 03:18:08.505605
Mumbai,19.076,72.8777,88,89,7,111,29,26,2026-04-06 02:18:08.505609
Mumbai,19.076,72.8777,39,77,48,132,8,65,2026-04-06 01:18:08.505612
Mumbai,19.076,72.8777,24,149,13,236,3,24,2026-04-06 00:18:08.505615
Mumbai,19.076,72.8777,116,149,23,185,15,73,2026-04-05 23:18:08.505619
Mumbai,19.076,72.8777,113,101,21,352,17,71,2026-04-05 22:18:08.505622
Mumbai,19.076,72.8777,105,116,6,282,24,47,2026-04-05 21:18:08.505626
Mumbai,19.076,72.8777,119,121,36,254,3,24,2026-04-05 20:18:08.505629
Mumbai,19.076,72.8777,59,88,42,312,27,30,2026-04-05 19:18:08.505632
Mumbai,19.076,72.8777,43,83,42,260,23,21,2026-04-05 18:18:08.505638
Mumbai,19.076,72.8777,29,115,30,267,25,72,2026-04-05 17:18:08.505644
Mumbai,19.076,72.8777,30,41,27,367,6,73,2026-04-05 16:18:08.505652
Mumbai,19.076,72.8777,28,106,19,242,10,74,2026-04-05 15:18:08.505657
Mumbai,19.076,72.8777,110,66,28,321,5,71,2026-04-05 14:18:08.505661
Mumbai,19.076,72.8777,25,144,28,250,19,71,2026-04-05 13:18:08.505664
Mumbai,19.076,72.8777,108,146,10,275,26,34,2026-04-05 12:18:08.505673
Mumbai,19.076,72.8777,107,99,39,363,29,16,2026-04-05 11:18:08.505677
Mumbai,19.076,72.8777,33,86,8,228,21,52,2026-04-05 10:18:08.505680
Mumbai,19.076,72.8777,35,139,35,179,20,58,2026-04-05 09:18:08.505683
Mumbai,19.076,72.8777,29,138,21,327,5,55,2026-04-05 08:18:08.505687
Mumbai,19.076,72.8777,27,47,26,120,25,69,2026-04-05 07:18:08.505690
Mumbai,19.076,72.8777,91,108,7,201,3,61,2026-04-05 06:18:08.505694
Mumbai,19.076,72.8777,61,140,27,240,26,60,2026-04-05 05:18:08.505697
Mumbai,19.076,72.8777,54,54,20,353,27,50,2026-04-05 04:18:08.505701
Mumbai,19.076,72.8777,55,56,18,168,6,39,2026-04-05 03:18:08.505704
Mumbai,19.076,72.8777,53,122,26,370,14,24,2026-04-05 02:18:08.505708
Mumbai,19.076,72.8777,63,91,17,331,25,12,2026-04-05 01:18:08.505711
Mumbai,19.076,72.8777,112,146,17,305,19,28,2026-04-05 00:18:08.505715
Mumbai,19.076,72.8777,32,67,12,323,20,42,2026-04-04 23:18:08.505718
Mumbai,19.076,72.8777,81,129,6,314,5,24,2026-04-04 22:18:08.505722
Mumbai,19.076,72.8777,60,135,43,184,24,46,2026-04-04 21:18:08.505725
Mumbai,19.076,72.8777,73,88,41,242,16,46,2026-04-04 20:18:08.505728
Mumbai,19.076,72.8777,85,61,15,219,17,16,2026-04-04 19:18:08.505732
Mumbai,19.076,72.8777,92,72,48,203,26,32,2026-04-04 18:18:08.505737
Mumbai,19.076,72.8777,97,65,49,239,13,60,2026-04-04 17:18:08.505744
Mumbai,19.076,72.8777,107,45,48,399,17,13,2026-04-04 16:18:08.505749
Mumbai,19.076,72.8777,61,43,7,242,2,51,2026-04-04 15:18:08.505755
Mumbai,19.076,72.8777,114,65,11,393,17,57,2026-04-04 14:18:08.505760
Mumbai,19.076,72.8777,58,114,15,245,25,77,2026-04-04 13:18:08.505763
Mumbai,19.076,72.8777,35,111,28,255,22,74,2026-04-04 12:18:08.505767
Mumbai,19.076,72.8777,116,136,5,397,13,42,2026-04-04 11:18:08.505771
Mumbai,19.076,72.8777,106,95,6,167,18,21,2026-04-04 10:18:08.505775
Mumbai,19.076,72.8777,96,124,25,285,12,45,2026-04-04 09:18:08.505778
Mumbai,19.076,72.8777,76,123,15,222,25,29,2026-04-04 08:18:08.505781
Mumbai,19.076,72.8777,88,37,41,372,15,59,2026-04-04 07:18:08.505785
Mumbai,19.076,72.8777,108,32,14,146,14,67,2026-04-04 06:18:08.505789
Mumbai,19.076,72.8777,104,112,33,175,28,74,2026-04-04 05:18:08.505792
Mumbai,19.076,72.8777,55,66,29,346,18,18,2026-04-04 04:18:08.505795
Mumbai,19.076,72.8777,51,123,25,315,8,55,2026-04-04 03:18:08.505799
Mumbai,19.076,72.8777,52,89,29,329,20,62,2026-04-04 02:18:08.505803
Mumbai,19.076,72.8777,50,65,25,341,29,76,2026-04-04 01:18:08.505806
Mumbai,19.076,72.8777,65,85,26,400,11,14,2026-04-04 00:18:08.505810
Mumbai,19.076,72.8777,79,143,30,137,16,18,2026-04-03 23:18:08.505813
Mumbai,19.076,72.8777,74,88,9,218,25,67,2026-04-03 22:18:08.505816
Mumbai,19.076,72.8777,84,104,29,120,27,32,2026-04-03 21:18:08.505821
Mumbai,19.076,72.8777,90,147,21,103,23,33,2026-04-03 20:18:08.505825
Mumbai,19.076,72.8777,78,113,24,368,20,73,2026-04-03 19:18:08.505828
Mumbai,19.076,72.8777,60,136,19,330,9,52,2026-04-03 18:18:08.505831
Mumbai,19.076,72.8777,31,90,29,376,9,73,2026-04-03 17:18:08.505836
Mumbai,19.076,72.8777,78,30,46,132,15,42,2026-04-03 16:18:08.505842
Mumbai,19.076,72.8777,53,145,32,357,18,66,2026-04-03 15:18:08.505847
Mumbai,19.076,72.8777,112,63,21,186,3,22,2026-04-03 14:18:08.505854
Mumbai,19.076,72.8777,31,94,8,172,8,55,2026-04-03 13:18:08.505859
Mumbai,19.076,72.8777,51,71,39,252,21,22,2026-04-03 12:18:08.505862
Mumbai,19.076,72.8777,82,76,46,239,20,33,2026-04-03 11:18:08.505870
Mumbai,19.076,72.8777,58,66,14,134,30,50,2026-04-03 10:18:08.505873
Mumbai,19.076,72.8777,64,38,18,170,10,29,2026-04-03 09:18:08.505877
Mumbai,19.076,72.8777,31,117,41,237,18,26,2026-04-03 08:18:08.505880
Mumbai,19.076,72.8777,80,75,47,135,25,64,2026-04-03 07:18:08.505884
Mumbai,19.076,72.8777,49,61,8,297,21,53,2026-04-03 06:18:08.505887
Mumbai,19.076,72.8777,52,33,21,287,17,41,2026-04-03 05:18:08.505891
Mumbai,19.076,72.8777,43,110,29,331,7,75,2026-04-03 04:18:08.505894
Mumbai,19.076,72.8777,21,138,28,368,16,28,2026-04-03 03:18:08.505897
Mumbai,19.076,72.8777,84,85,32,378,5,67,2026-04-03 02:18:08.505902
Mumbai,19.076,72.8777,120,57,38,315,24,28,2026-04-03 01:18:08.505905
Mumbai,19.076,72.8777,89,37,38,159,21,17,2026-04-03 00:18:08.505909
Mumbai,19.076,72.8777,45,142,23,223,11,77,2026-04-02 23:18:08.505912
Mumbai,19.076,72.8777,72,149,25,356,12,63,2026-04-02 22:18:08.505916
Mumbai,19.076,72.8777,51,108,18,145,11,69,2026-04-02 21:18:08.505919
Mumbai,19.076,72.8777,49,49,46,238,18,13,2026-04-02 20:18:08.505923
Mumbai,19.076,72.8777,75,116,21,230,3,78,2026-04-02 19:18:08.505926
Mumbai,19.076,72.8777,33,55,30,253,20,41,2026-04-02 18:18:08.505929
Mumbai,19.076,72.8777,83,116,12,257,20,53,2026-04-02 17:18:08.505933
Mumbai,19.076,72.8777,77,117,11,289,11,19,2026-04-02 16:18:08.505938
Mumbai,19.076,72.8777,110,61,14,270,8,25,2026-04-02 15:18:08.505944
Mumbai,19.076,72.8777,97,57,9,244,28,62,2026-04-02 14:18:08.505949
Mumbai,19.076,72.8777,38,139,20,138,29,57,2026-04-02 13:18:08.505955
Mumbai,19.076,72.8777,64,97,43,279,19,77,2026-04-02 12:18:08.505960
Mumbai,19.076,72.8777,56,61,33,133,25,72,2026-04-02 11:18:08.505963
Mumbai,19.076,72.8777,100,80,36,291,29,64,2026-04-02 10:18:08.505967
Mumbai,19.076,72.8777,101,121,18,186,26,60,2026-04-02 09:18:08.505970
Mumbai,19.076,72.8777,60,127,40,389,15,57,2026-04-02 08:18:08.505974
Mumbai,19.076,72.8777,70,61,37,391,19,23,2026-04-02 07:18:08.505977
Mumbai,19.076,72.8777,23,114,49,243,14,16,2026-04-02 06:18:08.505983
Mumbai,19.076,72.8777,85,135,14,132,22,54,2026-04-02 05:18:08.505987
Mumbai,19.076,72.8777,112,145,48,349,14,74,2026-04-02 04:18:08.505990
Mumbai,19.076,72.8777,55,40,26,301,4,37,2026-04-02 03:18:08.505994
Mumbai,19.076,72.8777,50,55,15,107,28,32,2026-04-02 02:18:08.505997
Mumbai,19.076,72.8777,93,142,14,305,3,57,2026-04-02 01:18:08.506001
Mumbai,19.076,72.8777,94,54,44,109,11,60,2026-04-02 00:18:08.506004
Mumbai,19.076,72.8777,64,95,18,179,28,55,2026-04-01 23:18:08.506007
Mumbai,19.076,72.8777,44,99,24,356,14,42,2026-04-01 22:18:08.506011
Mumbai,19.076,72.8777,20,125,17,141,23,58,2026-04-01 21:18:08.506014
Mumbai,19.076,72.8777,24,91,24,227,19,65,2026-04-01 20:18:08.506017
Mumbai,19.076,72.8777,77,103,37,284,11,18,2026-04-01 19:18:08.506021
Mumbai,19.076,72.8777,57,89,48,382,28,50,2026-04-01 18:18:08.506024
Mumbai,19.076,72.8777,99,74,13,350,12,48,2026-04-01 17:18:08.506028
Mumbai,19.076,72.8777,117,144,34,314,14,26,2026-04-01 16:18:08.506031
Mumbai,19.076,72.8777,50,121,31,155,3,31,2026-04-01 15:18:08.506034
Mumbai,19.076,72.8777,62,97,26,345,5,71,2026-04-01 14:18:08.506040
Mumbai,19.076,72.8777,87,50,41,146,17,78,2026-04-01 13:18:08.506045
Mumbai,19.076,72.8777,90,147,21,235,30,67,2026-04-01 12:18:08.506050
Mumbai,19.076,72.8777,77,48,46,135,23,76,2026-04-01 11:18:08.506057
Mumbai,19.076,72.8777,63,126,34,237,13,76,2026-04-01 10:18:08.506062
Mumbai,19.076,72.8777,98,61,26,113,6,61,2026-04-01 09:18:08.506065
Mumbai,19.076,72.8777,48,32,40,389,17,39,2026-04-01 08:18:08.506069
Mumbai,19.076,72.8777,31,93,16,246,28,79,2026-04-01 07:18:08.506072
Mumbai,19.076,72.8777,77,114,41,211,5,75,2026-04-01 06:18:08.506076
Mumbai,19.076,72.8777,68,132,9,143,4,40,2026-04-01 05:18:08.506080
Mumbai,19.076,72.8777,26,58,13,211,11,13,2026-04-01 04:18:08.506083
Mumbai,19.076,72.8777,44,101,39,164,7,32,2026-04-01 03:18:08.506087
Mumbai,19.076,72.8777,95,58,32,171,2,29,2026-04-01 02:18:08.506090
Mumbai,19.076,72.8777,62,118,34,274,28,51,2026-04-01 01:18:08.506093
Mumbai,19.076,72.8777,87,48,7,323,27,13,2026-04-01 00:18:08.506097
Mumbai,19.076,72.8777,115,71,18,198,7,58,2026-03-31 23:18:08.506100
Mumbai,19.076,72.8777,37,93,16,373,21,50,2026-03-31 22:18:08.506104
Mumbai,19.076,72.8777,50,119,38,122,16,80,2026-03-31 21:18:08.506107
Mumbai,19.076,72.8777,115,97,30,114,26,42,2026-03-31 20:18:08.506111
Mumbai,19.076,72.8777,54,62,34,148,20,31,2026-03-31 19:18:08.506114
Mumbai,19.076,72.8777,69,55,19,366,26,15,2026-03-31 18:18:08.506118
Mumbai,19.076,72.8777,57,107,34,249,25,33,2026-03-31 17:18:08.506121
Mumbai,19.076,72.8777,109,96,48,390,17,37,2026-03-31 16:18:08.506125
Mumbai,19.076,72.8777,84,105,26,275,25,36,2026-03-31 15:18:08.506129
Mumbai,19.076,72.8777,61,81,49,253,4,25,2026-03-31 14:18:08.506133
Mumbai,19.076,72.8777,32,70,10,237,4,70,2026-03-31 13:18:08.506138
Mumbai,19.076,72.8777,57,133,49,302,12,34,2026-03-31 12:18:08.506143
Mumbai,19.076,72.8777,71,70,35,126,26,43,2026-03-31 11:18:08.506150
Mumbai,19.076,72.8777,117,84,29,249,9,15,2026-03-31 10:18:08.506156
Mumbai,19.076,72.8777,59,125,14,110,24,14,2026-03-31 09:18:08.506160
Mumbai,19.076,72.8777,59,79,39,255,24,18,2026-03-31 08:18:08.506164
Mumbai,19.076,72.8777,106,53,49,112,28,41,2026-03-31 07:18:08.506167
Mumbai,19.076,72.8777,62,122,40,160,27,20,2026-03-31 06:18:08.506172
Mumbai,19.076,72.8777,71,69,20,199,12,22,2026-03-31 05:18:08.506175
Mumbai,19.076,72.8777,59,77,33,337,20,34,2026-03-31 04:18:08.506179
Mumbai,19.076,72.8777,104,30,29,149,8,28,2026-03-31 03:18:08.506182
Mumbai,19.076,72.8777,118,40,29,190,30,13,2026-03-31 02:18:08.506185
Mumbai,19.076,72.8777,104,94,47,398,28,69,2026-03-31 01:18:08.506189
Mumbai,19.076,72.8777,94,118,39,300,20,59,2026-03-31 00:18:08.506192
Mumbai,19.076,72.8777,32,69,44,387,12,45,2026-03-30 23:18:08.506196
Mumbai,19.076,72.8777,105,130,14,188,16,66,2026-03-30 22:18:08.506200
Mumbai,19.076,72.8777,73,127,31,281,20,38,2026-03-30 21:18:08.506204
Mumbai,19.076,72.8777,52,83,44,362,23,57,2026-03-30 20:18:08.506208
Mumbai,19.076,72.8777,71,63,32,131,17,30,2026-03-30 19:18:08.506212
Mumbai,19.076,72.8777,58,116,16,368,11,38,2026-03-30 18:18:08.506216
Mumbai,19.076,72.8777,49,148,28,289,21,50,2026-03-30 17:18:08.506219
Mumbai,19.076,72.8777,106,54,38,195,9,41,2026-03-30 16:18:08.506223
Mumbai,19.076,72.8777,26,86,20,235,23,63,2026-03-30 15:18:08.506226
Mumbai,19.076,72.8777,74,126,30,260,17,32,2026-03-30 14:18:08.506230
Mumbai,19.076,72.8777,55,111,20,206,7,33,2026-03-30 13:18:08.506233
Mumbai,19.076,72.8777,89,132,47,392,16,30,2026-03-30 12:18:08.506238
Mumbai,19.076,72.8777,66,99,6,191,13,18,2026-03-30 11:18:08.506244
Mumbai,19.076,72.8777,115,82,15,356,24,43,2026-03-30 10:18:08.506249
Mumbai,19.076,72.8777,52,78,14,370,5,12,2026-03-30 09:18:08.506256
Mumbai,19.076,72.8777,72,100,16,125,8,38,2026-03-30 08:18:08.506261
Mumbai,19.076,72.8777,117,60,39,325,15,12,2026-03-30 07:18:08.506264
Mumbai,19.076,72.8777,83,122,8,151,10,68,2026-03-30 06:18:08.506268
Mumbai,19.076,72.8777,102,140,6,240,19,56,2026-03-30 05:18:08.506271
Mumbai,19.076,72.8777,115,78,28,255,29,29,2026-03-30 04:18:08.506275
Mumbai,19.076,72.8777,45,108,34,145,21,43,2026-03-30 03:18:08.506278
Mumbai,19.076,72.8777,65,51,41,397,19,74,2026-03-30 02:18:08.506282
Mumbai,19.076,72.8777,117,111,46,121,18,68,2026-03-30 01:18:08.506285
Mumbai,19.076,72.8777,95,145,26,178,20,59,2026-03-30 00:18:08.506298
Mumbai,19.076,72.8777,67,36,39,178,10,52,2026-03-29 23:18:08.506302
Mumbai,19.076,72.8777,52,127,10,103,22,58,2026-03-29 22:18:08.506306
Mumbai,19.076,72.8777,107,62,40,173,9,31,2026-03-29 21:18:08.506309
Mumbai,19.076,72.8777,24,31,39,291,10,24,2026-03-29 20:18:08.506313
Mumbai,19.076,72.8777,49,122,46,116,21,14,2026-03-29 19:18:08.506316
Mumbai,19.076,72.8777,93,57,9,207,22,19,2026-03-29 18:18:08.506320
Mumbai,19.076,72.8777,102,46,20,398,13,32,2026-03-29 17:18:08.506323
Mumbai,19.076,72.8777,28,81,21,162,2,18,2026-03-29 16:18:08.506327
Mumbai,19.076,72.8777,70,73,23,297,18,70,2026-03-29 15:18:08.506330
Mumbai,19.076,72.8777,34,82,39,288,7,52,2026-03-29 14:18:08.506334
Mumbai,19.076,72.8777,23,138,41,244,20,10,2026-03-29 13:18:08.506338
Mumbai,19.076,72.8777,61,107,21,255,23,77,2026-03-29 12:18:08.506344
Mumbai,19.076,72.8777,53,145,39,374,13,16,2026-03-29 11:18:08.506350
Mumbai,19.076,72.8777,103,134,21,364,27,70,2026-03-29 10:18:08.506356
Mumbai,19.076,72.8777,25,141,17,362,4,76,2026-03-29 09:18:08.506361
Mumbai,19.076,72.8777,74,40,15,247,14,52,2026-03-29 08:18:08.506365
Mumbai,19.076,72.8777,82,135,8,273,29,54,2026-03-29 07:18:08.506368
Mumbai,19.076,72.8777,32,143,14,340,3,76,2026-03-29 06:18:08.506371
Mumbai,19.076,72.8777,45,147,41,121,7,75,2026-03-29 05:18:08.506376
Mumbai,19.076,72.8777,107,127,21,264,11,57,2026-03-29 04:18:08.506380
Mumbai,19.076,72.8777,48,123,38,107,18,74,2026-03-29 03:18:08.506385
Mumbai,19.076,72.8777,25,119,43,273,20,13,2026-03-29 02:18:08.506388
Mumbai,19.076,72.8777,111,82,16,335,6,50,2026-03-29 01:18:08.506392
Mumbai,19.076,72.8777,101,62,31,275,30,28,2026-03-29 00:18:08.506395
Mumbai,19.076,72.8777,83,109,7,271,16,32,2026-03-28 23:18:08.506399
Mumbai,19.076,72.8777,108,87,28,379,22,39,2026-03-28 22:18:08.506403
Mumbai,19.076,72.8777,105,71,24,149,25,12,2026-03-28 21:18:08.506406
Mumbai,19.076,72.8777,64,91,15,348,16,46,2026-03-28 20:18:08.506410
Mumbai,19.076,72.8777,36,143,15,170,26,21,2026-03-28 19:18:08.506413
Mumbai,19.076,72.8777,65,58,18,255,25,17,2026-03-28 18:18:08.506417
Mumbai,19.076,72.8777,38,40,10,256,23,69,2026-03-28 17:18:08.506420
Mumbai,19.076,72.8777,23,83,26,216,19,56,2026-03-28 16:18:08.506423
Mumbai,19.076,72.8777,115,87,41,330,8,31,2026-03-28 15:18:08.506427
Mumbai,19.076,72.8777,62,103,16,244,30,52,2026-03-28 14:18:08.506431
Mumbai,19.076,72.8777,61,115,10,263,3,58,2026-03-28 13:18:08.506434
Mumbai,19.076,72.8777,31,145,8,257,22,30,2026-03-28 12:18:08.506439
Mumbai,19.076,72.8777,31,135,12,118,13,20,2026-03-28 11:18:08.506445
Mumbai,19.076,72.8777,28,112,39,301,13,53,2026-03-28 10:18:08.506451
Mumbai,19.076,72.8777,57,134,32,393,6,37,2026-03-28 09:18:08.506458
Mumbai,19.076,72.8777,70,47,35,192,19,78,2026-03-28 08:18:08.506463
Mumbai,19.076,72.8777,32,141,27,202,5,58,2026-03-28 07:18:08.506466
Mumbai,19.076,72.8777,88,35,32,168,19,60,2026-03-28 06:18:08.506470
Mumbai,19.076,72.8777,102,44,23,327,29,23,2026-03-28 05:18:08.506473
Mumbai,19.076,72.8777,96,58,29,142,25,60,2026-03-28 04:18:08.506477
Mumbai,19.076,72.8777,86,86,35,231,15,35,2026-03-28 03:18:08.506480
Mumbai,19.076,72.8777,63,30,7,222,19,36,2026-03-28 02:18:08.506484
Mumbai,19.076,72.8777,49,101,22,391,5,50,2026-03-28 01:18:08.506487
Mumbai,19.076,72.8777,110,124,36,361,6,57,2026-03-28 00:18:08.506491
Delhi,28.7041,77.1025,57,61,50,376,30,55,2026-04-06 23:18:08.506495
Delhi,28.7041,77.1025,52,104,17,356,29,37,2026-04-06 22:18:08.506499
Delhi,28.7041,77.1025,65,67,39,307,10,70,2026-04-06 21:18:08.506502
Delhi,28.7041,77.1025,118,142,22,272,10,15,2026-04-06 20:18:08.506506
Delhi,28.7041,77.1025,118,101,39,214,17,36,2026-04-06 19:18:08.506509
Delhi,28.7041,77.1025,53,40,12,311,24,70,2026-04-06 18:18:08.506512
Delhi,28.7041,77.1025,87,111,23,333,2,19,2026-04-06 17:18:08.506516
Delhi,28.7041,77.1025,64,143,32,369,29,17,2026-04-06 16:18:08.506519
Delhi,28.7041,77.1025,110,102,44,180,26,73,2026-04-06 15:18:08.506523
Delhi,28.7041,77.1025,35,116,19,388,3,25,2026-04-06 14:18:08.506527
Delhi,28.7041,77.1025,44,139,22,347,16,46,2026-04-06 13:18:08.506531
Delhi,28.7041,77.1025,30,77,16,304,18,25,2026-04-06 12:18:08.506535
Delhi,28.7041,77.1025,45,145,16,354,21,19,2026-04-06 11:18:08.506540
Delhi,28.7041,77.1025,118,115,34,110,28,14,2026-04-06 10:18:08.506545
Delhi,28.7041,77.1025,56,88,50,200,26,35,2026-04-06 09:18:08.506553
Delhi,28.7041,77.1025,101,144,10,398,4,21,2026-04-06 08:18:08.506558
Delhi,28.7041,77.1025,100,115,47,231,21,70,2026-04-06 07:18:08.506563
Delhi,28.7041,77.1025,28,40,5,247,15,10,2026-04-06 06:18:08.506566
Delhi,28.7041,77.1025,99,97,50,219,17,26,2026-04-06 05:18:08.506569
Delhi,28.7041,77.1025,105,87,24,389,19,64,2026-04-06 04:18:08.506573
Delhi,28.7041,77.1025,46,68,48,179,30,38,2026-04-06 03:18:08.506576
Delhi,28.7041,77.1025,70,36,40,214,9,40,2026-04-06 02:18:08.506580
Delhi,28.7041,77.1025,27,93,30,240,28,55,2026-04-06 01:18:08.506583
Delhi,28.7041,77.1025,95,147,25,155,14,43,2026-04-06 00:18:08.506587
Delhi,28.7041,77.1025,59,141,50,267,5,18,2026-04-05 23:18:08.506590
Delhi,28.7041,77.1025,25,125,49,147,16,36,2026-04-05 22:18:08.506594
Delhi,28.7041,77.1025,117,87,7,107,26,11,2026-04-05 21:18:08.506597
Delhi,28.7041,77.1025,86,109,37,240,3,28,2026-04-05 20:18:08.506600
Delhi,28.7041,77.1025,74,60,8,141,20,13,2026-04-05 19:18:08.506604
Delhi,28.7041,77.1025,106,60,40,338,24,31,2026-04-05 18:18:08.506608
Delhi,28.7041,77.1025,20,120,18,194,14,50,2026-04-05 17:18:08.506612
Delhi,28.7041,77.1025,41,111,35,169,24,39,2026-04-05 16:18:08.506615
Delhi,28.7041,77.1025,118,85,22,167,5,39,2026-04-05 15:18:08.506619
Delhi,28.7041,77.1025,75,86,49,267,5,27,2026-04-05 14:18:08.506622
Delhi,28.7041,77.1025,44,78,47,147,13,40,2026-04-05 13:18:08.506626
Delhi,28.7041,77.1025,95,142,33,157,21,23,2026-04-05 12:18:08.506629
Delhi,28.7041,77.1025,26,99,30,382,11,21,2026-04-05 11:18:08.506632
Delhi,28.7041,77.1025,99,129,35,147,18,40,2026-04-05 10:18:08.506636
Delhi,28.7041,77.1025,74,131,28,123,10,40,2026-04-05 09:18:08.506641
Delhi,28.7041,77.1025,105,76,36,165,3,12,2026-04-05 08:18:08.506646
Delhi,28.7041,77.1025,62,43,28,323,18,49,2026-04-05 07:18:08.506651
Delhi,28.7041,77.1025,52,101,46,331,11,77,2026-04-05 06:18:08.506657
Delhi,28.7041,77.1025,43,105,29,379,15,12,2026-04-05 05:18:08.506662
Delhi,28.7041,77.1025,103,40,32,215,29,65,2026-04-05 04:18:08.506667
Delhi,28.7041,77.1025,63,102,45,210,27,24,2026-04-05 03:18:08.506671
Delhi,28.7041,77.1025,109,47,14,314,23,43,2026-04-05 02:18:08.506676
Delhi,28.7041,77.1025,44,106,11,162,22,39,2026-04-05 01:18:08.506682
Delhi,28.7041,77.1025,112,104,16,115,2,12,2026-04-05 00:18:08.506687
Delhi,28.7041,77.1025,104,86,11,354,4,61,2026-04-04 23:18:08.506694
Delhi,28.7041,77.1025,31,69,48,375,4,61,2026-04-04 22:18:08.506700
Delhi,28.7041,77.1025,104,108,21,352,29,39,2026-04-04 21:18:08.506705
Delhi,28.7041,77.1025,40,143,50,122,11,47,2026-04-04 20:18:08.506710
Delhi,28.7041,77.1025,63,75,16,270,8,57,2026-04-04 19:18:08.506715
Delhi,28.7041,77.1025,119,67,40,210,11,19,2026-04-04 18:18:08.506720
Delhi,28.7041,77.1025,87,105,42,212,11,17,2026-04-04 17:18:08.506725
Delhi,28.7041,77.1025,103,58,24,126,30,39,2026-04-04 16:18:08.506729
Delhi,28.7041,77.1025,27,46,39,211,20,25,2026-04-04 15:18:08.506734
Delhi,28.7041,77.1025,78,94,23,240,4,61,2026-04-04 14:18:08.506739
Delhi,28.7041,77.1025,70,61,43,232,17,62,2026-04-04 13:18:08.506743
Delhi,28.7041,77.1025,99,138,17,157,7,45,2026-04-04 12:18:08.506749
Delhi,28.7041,77.1025,104,103,37,257,20,28,2026-04-04 11:18:08.506754
Delhi,28.7041,77.1025,26,34,20,111,12,67,2026-04-04 10:18:08.506759
Delhi,28.7041,77.1025,21,94,18,130,25,64,2026-04-04 09:18:08.506764
Delhi,28.7041,77.1025,23,117,24,157,2,62,2026-04-04 08:18:08.506768
Delhi,28.7041,77.1025,112,121,33,379,26,41,2026-04-04 07:18:08.506773
Delhi,28.7041,77.1025,111,103,25,116,28,29,2026-04-04 06:18:08.506777
Delhi,28.7041,77.1025,103,60,32,289,12,78,2026-04-04 05:18:08.506783
Delhi,28.7041,77.1025,96,35,35,220,11,10,2026-04-04 04:18:08.506788
Delhi,28.7041,77.1025,69,116,9,186,17,51,2026-04-04 03:18:08.506795
Delhi,28.7041,77.1025,62,59,8,247,19,69,2026-04-04 02:18:08.506800
Delhi,28.7041,77.1025,47,105,16,324,9,16,2026-04-04 01:18:08.506806
Delhi,28.7041,77.1025,58,130,46,284,2,66,2026-04-04 00:18:08.506812
Delhi,28.7041,77.1025,69,58,22,257,28,63,2026-04-03 23:18:08.506817
Delhi,28.7041,77.1025,30,38,34,388,12,65,2026-04-03 22:18:08.506822
Delhi,28.7041,77.1025,84,128,37,290,15,68,2026-04-03 21:18:08.506829
Delhi,28.7041,77.1025,78,131,47,344,2,38,2026-04-03 20:18:08.506834
Delhi,28.7041,77.1025,55,134,10,253,15,51,2026-04-03 19:18:08.506838
Delhi,28.7041,77.1025,115,105,50,179,28,36,2026-04-03 18:18:08.506844
Delhi,28.7041,77.1025,93,47,7,120,24,76,2026-04-03 17:18:08.506849
Delhi,28.7041,77.1025,31,42,5,342,29,20,2026-04-03 16:18:08.506855
Delhi,28.7041,77.1025,96,101,47,298,14,55,2026-04-03 15:18:08.506860
Delhi,28.7041,77.1025,63,53,48,205,8,57,2026-04-03 14:18:08.506990
Delhi,28.7041,77.1025,57,33,23,166,6,46,2026-04-03 13:18:08.507011
Delhi,28.7041,77.1025,39,89,39,238,11,13,2026-04-03 12:18:08.507017
Delhi,28.7041,77.1025,94,53,37,373,19,20,2026-04-03 11:18:08.507024
Delhi,28.7041,77.1025,25,36,50,288,27,13,2026-04-03 10:18:08.507028
Delhi,28.7041,77.1025,33,51,47,200,22,77,2026-04-03 09:18:08.507031
Delhi,28.7041,77.1025,95,102,35,227,2,41,2026-04-03 08:18:08.507037
Delhi,28.7041,77.1025,107,140,8,188,29,48,2026-04-03 07:18:08.507041
Delhi,28.7041,77.1025,64,83,30,110,16,48,2026-04-03 06:18:08.507044
Delhi,28.7041,77.1025,64,84,39,391,29,33,2026-04-03 05:18:08.507048
Delhi,28.7041,77.1025,55,43,42,372,11,63,2026-04-03 04:18:08.507052
Delhi,28.7041,77.1025,114,142,25,163,5,52,2026-04-03 03:18:08.507055
Delhi,28.7041,77.1025,111,32,6,267,16,14,2026-04-03 02:18:08.507061
Delhi,28.7041,77.1025,109,139,10,104,18,54,2026-04-03 01:18:08.507067
Delhi,28.7041,77.1025,109,33,42,230,17,70,2026-04-03 00:18:08.507072
Delhi,28.7041,77.1025,61,117,28,216,21,44,2026-04-02 23:18:08.507079
Delhi,28.7041,77.1025,114,97,19,348,27,34,2026-04-02 22:18:08.507085
Delhi,28.7041,77.1025,71,88,12,382,29,48,2026-04-02 21:18:08.507089
Delhi,28.7041,77.1025,110,43,12,270,13,32,2026-04-02 20:18:08.507093
Delhi,28.7041,77.1025,43,78,39,237,8,25,2026-04-02 19:18:08.507099
Delhi,28.7041,77.1025,87,52,45,335,20,53,2026-04-02 18:18:08.507102
Delhi,28.7041,77.1025,101,131,9,169,15,16,2026-04-02 17:18:08.507106
Delhi,28.7041,77.1025,27,117,31,245,29,30,2026-04-02 16:18:08.507109
Delhi,28.7041,77.1025,54,132,7,314,3,50,2026-04-02 15:18:08.507113
Delhi,28.7041,77.1025,63,88,7,241,26,69,2026-04-02 14:18:08.507116
Delhi,28.7041,77.1025,77,134,35,241,29,16,2026-04-02 13:18:08.507120
Delhi,28.7041,77.1025,116,126,21,313,17,55,2026-04-02 12:18:08.507125
Delhi,28.7041,77.1025,103,31,43,127,18,59,2026-04-02 11:18:08.507128
Delhi,28.7041,77.1025,105,150,22,115,22,23,2026-04-02 10:18:08.507132
Delhi,28.7041,77.1025,50,66,48,350,30,18,2026-04-02 09:18:08.507289
Delhi,28.7041,77.1025,20,145,49,225,30,66,2026-04-02 08:18:08.507293
Delhi,28.7041,77.1025,30,129,33,380,15,40,2026-04-02 07:18:08.507297
Delhi,28.7041,77.1025,45,92,46,385,10,58,2026-04-02 06:18:08.507302
Delhi,28.7041,77.1025,94,35,37,315,18,68,2026-04-02 05:18:08.507306
Delhi,28.7041,77.1025,32,140,21,199,10,56,2026-04-02 04:18:08.507309
Delhi,28.7041,77.1025,83,65,41,344,10,35,2026-04-02 03:18:08.507313
Delhi,28.7041,77.1025,110,87,50,245,21,30,2026-04-02 02:18:08.507317
Delhi,28.7041,77.1025,76,96,28,160,14,48,2026-04-02 01:18:08.507320
Delhi,28.7041,77.1025,57,149,50,307,27,31,2026-04-02 00:18:08.507324
Delhi,28.7041,77.1025,101,75,29,123,19,57,2026-04-01 23:18:08.507327
Delhi,28.7041,77.1025,89,59,28,300,19,47,2026-04-01 22:18:08.507330
Delhi,28.7041,77.1025,23,63,9,164,27,43,2026-04-01 21:18:08.507334
Delhi,28.7041,77.1025,107,71,10,111,5,77,2026-04-01 20:18:08.507338
Delhi,28.7041,77.1025,33,82,21,298,3,23,2026-04-01 19:18:08.507341
Delhi,28.7041,77.1025,37,95,20,118,17,42,2026-04-01 18:18:08.507345
Delhi,28.7041,77.1025,87,67,25,371,29,24,2026-04-01 17:18:08.507352
Delhi,28.7041,77.1025,105,75,35,152,6,72,2026-04-01 16:18:08.507357
Delhi,28.7041,77.1025,111,103,42,231,28,35,2026-04-01 15:18:08.507363
Delhi,28.7041,77.1025,117,100,43,205,7,41,2026-04-01 14:18:08.507370
Delhi,28.7041,77.1025,72,73,50,257,4,37,2026-04-01 13:18:08.507373
Delhi,28.7041,77.1025,40,147,18,166,5,58,2026-04-01 12:18:08.507377
Delhi,28.7041,77.1025,54,88,9,288,6,23,2026-04-01 11:18:08.507381
Delhi,28.7041,77.1025,90,65,42,118,3,15,2026-04-01 10:18:08.507384
Delhi,28.7041,77.1025,49,64,19,272,20,79,2026-04-01 09:18:08.507388
Delhi,28.7041,77.1025,25,51,24,114,17,52,2026-04-01 08:18:08.507391
Delhi,28.7041,77.1025,69,66,42,211,10,25,2026-04-01 07:18:08.507395
Delhi,28.7041,77.1025,116,94,41,282,8,69,2026-04-01 06:18:08.507401
Delhi,28.7041,77.1025,95,42,26,387,17,60,2026-04-01 05:18:08.507405
Delhi,28.7041,77.1025,113,84,12,107,19,60,2026-04-01 04:18:08.507410
Delhi,28.7041,77.1025,57,84,19,120,28,25,2026-04-01 03:18:08.507415
Delhi,28.7041,77.1025,102,65,30,344,19,14,2026-04-01 02:18:08.507422
Delhi,28.7041,77.1025,115,54,43,280,24,45,2026-04-01 01:18:08.507473
Delhi,28.7041,77.1025,46,118,48,191,25,39,2026-04-01 00:18:08.507479
Delhi,28.7041,77.1025,83,55,30,264,5,40,2026-03-31 23:18:08.507484
Delhi,28.7041,77.1025,72,107,42,209,9,27,2026-03-31 22:18:08.507490
Delhi,28.7041,77.1025,65,56,17,142,15,79,2026-03-31 21:18:08.507500
Delhi,28.7041,77.1025,27,139,20,273,12,39,2026-03-31 20:18:08.507506
Delhi,28.7041,77.1025,94,76,14,206,26,76,2026-03-31 19:18:08.507512
Delhi,28.7041,77.1025,35,112,44,378,18,11,2026-03-31 18:18:08.507519
Delhi,28.7041,77.1025,24,53,28,262,21,76,2026-03-31 17:18:08.507525
Delhi,28.7041,77.1025,106,71,27,308,27,61,2026-03-31 16:18:08.507531
Delhi,28.7041,77.1025,70,61,9,237,28,40,2026-03-31 15:18:08.507537
Delhi,28.7041,77.1025,105,43,6,172,12,10,2026-03-31 14:18:08.507540
Delhi,28.7041,77.1025,63,67,20,215,5,43,2026-03-31 13:18:08.507544
Delhi,28.7041,77.1025,53,54,36,390,30,22,2026-03-31 12:18:08.507548
Delhi,28.7041,77.1025,39,133,48,129,27,34,2026-03-31 11:18:08.507551
Delhi,28.7041,77.1025,57,58,23,180,20,42,2026-03-31 10:18:08.507555
Delhi,28.7041,77.1025,63,45,43,114,14,22,2026-03-31 09:18:08.507558
Delhi,28.7041,77.1025,47,87,11,226,30,47,2026-03-31 08:18:08.507562
Delhi,28.7041,77.1025,34,66,6,281,30,30,2026-03-31 07:18:08.507566
Delhi,28.7041,77.1025,71,75,43,259,6,76,2026-03-31 06:18:08.507569
Delhi,28.7041,77.1025,22,114,9,358,4,61,2026-03-31 05:18:08.507572
Delhi,28.7041,77.1025,45,112,18,350,17,53,2026-03-31 04:18:08.507576
Delhi,28.7041,77.1025,108,134,21,310,7,52,2026-03-31 03:18:08.507579
Delhi,28.7041,77.1025,55,100,43,342,17,62,2026-03-31 02:18:08.507585
Delhi,28.7041,77.1025,29,131,35,330,25,76,2026-03-31 01:18:08.507589
Delhi,28.7041,77.1025,56,40,21,222,30,66,2026-03-31 00:18:08.507594
Delhi,28.7041,77.1025,25,36,41,382,11,53,2026-03-30 23:18:08.507600
Delhi,28.7041,77.1025,70,114,14,210,18,24,2026-03-30 22:18:08.507606
Delhi,28.7041,77.1025,41,41,37,198,2,68,2026-03-30 21:18:08.507612
Delhi,28.7041,77.1025,31,127,31,326,29,78,2026-03-30 20:18:08.507617
Delhi,28.7041,77.1025,58,40,33,189,20,52,2026-03-30 19:18:08.507620
Delhi,28.7041,77.1025,22,126,30,102,15,32,2026-03-30 18:18:08.507624
Delhi,28.7041,77.1025,49,129,16,138,6,53,2026-03-30 17:18:08.507627
Delhi,28.7041,77.1025,34,132,47,342,23,73,2026-03-30 16:18:08.507631
Delhi,28.7041,77.1025,67,118,5,155,7,15,2026-03-30 15:18:08.507634
Delhi,28.7041,77.1025,63,55,19,194,14,18,2026-03-30 14:18:08.507638
Delhi,28.7041,77.1025,77,96,49,174,15,56,2026-03-30 13:18:08.507641
Delhi,28.7041,77.1025,34,64,21,307,20,11,2026-03-30 12:18:08.507645
Delhi,28.7041,77.1025,25,66,39,393,4,55,2026-03-30 11:18:08.507648
Delhi,28.7041,77.1025,70,101,21,390,20,71,2026-03-30 10:18:08.507651
Delhi,28.7041,77.1025,76,115,10,117,4,77,2026-03-30 09:18:08.507655
Delhi,28.7041,77.1025,35,38,28,213,16,14,2026-03-30 08:18:08.507658
Delhi,28.7041,77.1025,21,53,28,290,20,37,2026-03-30 07:18:08.507663
Delhi,28.7041,77.1025,86,91,11,254,8,50,2026-03-30 06:18:08.507668
Delhi,28.7041,77.1025,54,44,6,336,8,33,2026-03-30 05:18:08.507672
Delhi,28.7041,77.1025,26,78,19,203,22,69,2026-03-30 04:18:08.507675
Delhi,28.7041,77.1025,39,116,28,128,24,32,2026-03-30 03:18:08.507679
Delhi,28.7041,77.1025,111,137,43,156,28,67,2026-03-30 02:18:08.507682
Delhi,28.7041,77.1025,86,127,12,291,8,54,2026-03-30 01:18:08.507686
Delhi,28.7041,77.1025,74,68,50,339,7,48,2026-03-30 00:18:08.507689
Delhi,28.7041,77.1025,41,136,48,287,14,20,2026-03-29 23:18:08.507693
Delhi,28.7041,77.1025,81,52,6,100,18,30,2026-03-29 22:18:08.507700
Delhi,28.7041,77.1025,68,117,14,390,23,23,2026-03-29 21:18:08.507706
Delhi,28.7041,77.1025,110,62,35,126,2,65,2026-03-29 20:18:08.507712
Delhi,28.7041,77.1025,94,48,16,369,12,26,2026-03-29 19:18:08.507715
Delhi,28.7041,77.1025,45,130,35,185,17,60,2026-03-29 18:18:08.507719
Delhi,28.7041,77.1025,49,132,34,293,21,24,2026-03-29 17:18:08.507723
Delhi,28.7041,77.1025,61,78,15,196,28,73,2026-03-29 16:18:08.507726
Delhi,28.7041,77.1025,85,63,17,182,10,35,2026-03-29 15:18:08.507730
Delhi,28.7041,77.1025,29,94,48,170,12,61,2026-03-29 14:18:08.507734
Delhi,28.7041,77.1025,91,70,6,305,28,41,2026-03-29 13:18:08.507737
Delhi,28.7041,77.1025,53,130,46,333,29,62,2026-03-29 12:18:08.507741
Delhi,28.7041,77.1025,106,127,36,373,21,34,2026-03-29 11:18:08.507746
Delhi,28.7041,77.1025,51,148,8,173,21,79,2026-03-29 10:18:08.507749
Delhi,28.7041,77.1025,85,54,48,250,3,14,2026-03-29 09:18:08.507753
Delhi,28.7041,77.1025,113,142,5,188,14,48,2026-03-29 08:18:08.507756
Delhi,28.7041,77.1025,26,120,23,198,30,64,2026-03-29 07:18:08.507760
Delhi,28.7041,77.1025,32,140,33,375,26,53,2026-03-29 06:18:08.507763
Delhi,28.7041,77.1025,20,46,43,127,24,59,2026-03-29 05:18:08.507767
Delhi,28.7041,77.1025,85,102,33,183,18,49,2026-03-29 04:18:08.507770
Delhi,28.7041,77.1025,54,52,18,216,11,52,2026-03-29 03:18:08.507774
Delhi,28.7041,77.1025,101,110,6,271,7,57,2026-03-29 02:18:08.507777
Delhi,28.7041,77.1025,41,37,42,383,5,20,2026-03-29 01:18:08.507781
Delhi,28.7041,77.1025,78,49,34,245,25,58,2026-03-29 00:18:08.507784
Delhi,28.7041,77.1025,108,150,5,167,24,69,2026-03-28 23:18:08.507787
Delhi,28.7041,77.1025,61,68,29,365,6,29,2026-03-28 22:18:08.507792
Delhi,28.7041,77.1025,59,72,41,210,16,10,2026-03-28 21:18:08.507797
Delhi,28.7041,77.1025,117,38,18,278,14,52,2026-03-28 20:18:08.507803
Delhi,28.7041,77.1025,65,106,15,100,26,64,2026-03-28 19:18:08.507808
Delhi,28.7041,77.1025,105,89,5,325,18,10,2026-03-28 18:18:08.507812
Delhi,28.7041,77.1025,72,57,44,228,8,35,2026-03-28 17:18:08.507816
Delhi,28.7041,77.1025,99,116,30,161,27,62,2026-03-28 16:18:08.507819
Delhi,28.7041,77.1025,45,113,18,285,28,69,2026-03-28 15:18:08.507824
Delhi,28.7041,77.1025,40,44,16,151,9,38,2026-03-28 14:18:08.507828
Delhi,28.7041,77.1025,21,127,49,153,21,71,2026-03-28 13:18:08.507831
Delhi,28.7041,77.1025,64,74,29,305,8,23,2026-03-28 12:18:08.507834
Delhi,28.7041,77.1025,64,128,16,394,16,29,2026-03-28 11:18:08.507838
Delhi,28.7041,77.1025,74,130,27,329,6,35,2026-03-28 10:18:08.507842
Delhi,28.7041,77.1025,45,143,45,301,3,11,2026-03-28 09:18:08.507845
Delhi,28.7041,77.1025,106,68,41,258,21,39,2026-03-28 08:18:08.507848
Delhi,28.7041,77.1025,76,124,48,345,23,10,2026-03-28 07:18:08.507852
Delhi,28.7041,77.1025,110,107,33,386,9,41,2026-03-28 06:18:08.507855
Delhi,28.7041,77.1025,91,77,48,172,6,26,2026-03-28 05:18:08.507859
Delhi,28.7041,77.1025,20,122,27,128,18,12,2026-03-28 04:18:08.507862
Delhi,28.7041,77.1025,43,124,35,256,14,42,2026-03-28 03:18:08.507865
Delhi,28.7041,77.1025,120,122,8,313,13,37,2026-03-28 02:18:08.507869
Delhi,28.7041,77.1025,20,75,42,368,30,79,2026-03-28 01:18:08.507872
Delhi,28.7041,77.1025,96,86,21,110,13,40,2026-03-28 00:18:08.507876
Jammu and Kashmir,34.0837,74.7973,83,125,30,223,6,36,2026-04-06 23:18:08.507880
Jammu and Kashmir,34.0837,74.7973,54,146,15,197,14,73,2026-04-06 22:18:08.507885
Jammu and Kashmir,34.0837,74.7973,120,119,10,159,2,46,2026-04-06 21:18:08.507890
Jammu and Kashmir,34.0837,74.7973,38,134,11,159,26,61,2026-04-06 20:18:08.507897
Jammu and Kashmir,34.0837,74.7973,106,64,18,264,17,13,2026-04-06 19:18:08.507903
Jammu and Kashmir,34.0837,74.7973,47,143,25,180,16,32,2026-04-06 18:18:08.507908
Jammu and Kashmir,34.0837,74.7973,84,37,10,120,8,51,2026-04-06 17:18:08.507911
Jammu and Kashmir,34.0837,74.7973,40,102,47,203,7,75,2026-04-06 16:18:08.507915
Jammu and Kashmir,34.0837,74.7973,114,73,13,357,7,68,2026-04-06 15:18:08.507918
Jammu and Kashmir,34.0837,74.7973,87,30,7,348,14,71,2026-04-06 14:18:08.507922
Jammu and Kashmir,34.0837,74.7973,114,148,16,378,14,39,2026-04-06 13:18:08.507926
Jammu and Kashmir,34.0837,74.7973,64,128,6,257,15,28,2026-04-06 12:18:08.507929
Jammu and Kashmir,34.0837,74.7973,67,125,22,363,13,12,2026-04-06 11:18:08.507933
Jammu and Kashmir,34.0837,74.7973,36,58,16,193,30,49,2026-04-06 10:18:08.507936
Jammu and Kashmir,34.0837,74.7973,108,141,14,139,24,27,2026-04-06 09:18:08.507939
Jammu and Kashmir,34.0837,74.7973,42,131,26,195,11,35,2026-04-06 08:18:08.507943
Jammu and Kashmir,34.0837,74.7973,75,30,37,212,11,27,2026-04-06 07:18:08.507946
Jammu and Kashmir,34.0837,74.7973,50,76,31,394,25,61,2026-04-06 06:18:08.507950
Jammu and Kashmir,34.0837,74.7973,101,120,33,300,8,78,2026-04-06 05:18:08.507953
Jammu and Kashmir,34.0837,74.7973,48,48,44,321,21,78,2026-04-06 04:18:08.507956
Jammu and Kashmir,34.0837,74.7973,65,120,21,257,11,20,2026-04-06 03:18:08.507960
Jammu and Kashmir,34.0837,74.7973,110,126,20,313,8,42,2026-04-06 02:18:08.507963
Jammu and Kashmir,34.0837,74.7973,60,77,23,373,16,61,2026-04-06 01:18:08.507967
Jammu and Kashmir,34.0837,74.7973,26,143,16,241,18,65,2026-04-06 00:18:08.507971
Jammu and Kashmir,34.0837,74.7973,25,125,41,280,10,53,2026-04-05 23:18:08.507975
Jammu and Kashmir,34.0837,74.7973,83,133,22,341,6,58,2026-04-05 22:18:08.507978
Jammu and Kashmir,34.0837,74.7973,119,139,29,135,29,64,2026-04-05 21:18:08.507982
Jammu and Kashmir,34.0837,74.7973,98,119,37,201,16,55,2026-04-05 20:18:08.507985
Jammu and Kashmir,34.0837,74.7973,57,111,16,302,11,10,2026-04-05 19:18:08.507991
Jammu and Kashmir,34.0837,74.7973,69,147,25,173,23,30,2026-04-05 18:18:08.507999
Jammu and Kashmir,34.0837,74.7973,87,114,15,351,22,24,2026-04-05 17:18:08.508004
Jammu and Kashmir,34.0837,74.7973,62,74,42,295,16,41,2026-04-05 16:18:08.508008
Jammu and Kashmir,34.0837,74.7973,42,91,14,232,27,36,2026-04-05 15:18:08.508012
Jammu and Kashmir,34.0837,74.7973,45,51,15,159,25,30,2026-04-05 14:18:08.508015
Jammu and Kashmir,34.0837,74.7973,56,113,41,359,9,42,2026-04-05 13:18:08.508019
Jammu and Kashmir,34.0837,74.7973,55,59,12,167,15,49,2026-04-05 12:18:08.508023
Jammu and Kashmir,34.0837,74.7973,59,103,31,294,20,21,2026-04-05 11:18:08.508026
Jammu and Kashmir,34.0837,74.7973,77,85,5,257,8,15,2026-04-05 10:18:08.508030
Jammu and Kashmir,34.0837,74.7973,45,110,29,213,8,50,2026-04-05 09:18:08.508033
Jammu and Kashmir,34.0837,74.7973,92,103,17,138,30,25,2026-04-05 08:18:08.508037
Jammu and Kashmir,34.0837,74.7973,21,56,47,144,19,79,2026-04-05 07:18:08.508040
Jammu and Kashmir,34.0837,74.7973,100,128,38,170,11,28,2026-04-05 06:18:08.508044
Jammu and Kashmir,34.0837,74.7973,62,145,30,171,19,48,2026-04-05 05:18:08.508049
Jammu and Kashmir,34.0837,74.7973,20,102,34,259,24,27,2026-04-05 04:18:08.508053
Jammu and Kashmir,34.0837,74.7973,88,86,6,314,11,63,2026-04-05 03:18:08.508056
Jammu and Kashmir,34.0837,74.7973,67,131,43,173,21,52,2026-04-05 02:18:08.508060
Jammu and Kashmir,34.0837,74.7973,93,78,28,351,7,78,2026-04-05 01:18:08.508063
Jammu and Kashmir,34.0837,74.7973,59,110,37,144,13,20,2026-04-05 00:18:08.508067
Jammu and Kashmir,34.0837,74.7973,81,30,29,351,14,36,2026-04-04 23:18:08.508070
Jammu and Kashmir,34.0837,74.7973,100,124,31,361,6,44,2026-04-04 22:18:08.508074
Jammu and Kashmir,34.0837,74.7973,49,75,41,378,5,23,2026-04-04 21:18:08.508077
Jammu and Kashmir,34.0837,74.7973,30,85,40,248,17,67,2026-04-04 20:18:08.508080
Jammu and Kashmir,34.0837,74.7973,59,47,44,299,27,23,2026-04-04 19:18:08.508086
Jammu and Kashmir,34.0837,74.7973,98,92,29,300,30,47,2026-04-04 18:18:08.508091
Jammu and Kashmir,34.0837,74.7973,114,150,16,151,2,66,2026-04-04 17:18:08.508097
Jammu and Kashmir,34.0837,74.7973,83,134,15,148,12,50,2026-04-04 16:18:08.508102
Jammu and Kashmir,34.0837,74.7973,58,45,31,367,2,73,2026-04-04 15:18:08.508105
Jammu and Kashmir,34.0837,74.7973,97,121,42,151,21,14,2026-04-04 14:18:08.508109
Jammu and Kashmir,34.0837,74.7973,64,129,6,315,27,76,2026-04-04 13:18:08.508112
Jammu and Kashmir,34.0837,74.7973,94,80,20,240,13,55,2026-04-04 12:18:08.508116
Jammu and Kashmir,34.0837,74.7973,47,62,5,331,28,43,2026-04-04 11:18:08.508119
Jammu and Kashmir,34.0837,74.7973,67,92,16,393,3,73,2026-04-04 10:18:08.508123
Jammu and Kashmir,34.0837,74.7973,30,74,43,237,30,39,2026-04-04 09:18:08.508129
Jammu and Kashmir,34.0837,74.7973,76,49,37,357,25,63,2026-04-04 08:18:08.508133
Jammu and Kashmir,34.0837,74.7973,105,102,12,314,21,32,2026-04-04 07:18:08.508136
Jammu and Kashmir,34.0837,74.7973,24,105,24,147,17,57,2026-04-04 06:18:08.508140
Jammu and Kashmir,34.0837,74.7973,101,31,43,132,11,18,2026-04-04 05:18:08.508144
Jammu and Kashmir,34.0837,74.7973,98,31,33,293,21,60,2026-04-04 04:18:08.508147
Jammu and Kashmir,34.0837,74.7973,108,133,12,364,21,75,2026-04-04 03:18:08.508151
Jammu and Kashmir,34.0837,74.7973,89,92,27,136,2,23,2026-04-04 02:18:08.508154
Jammu and Kashmir,34.0837,74.7973,65,138,6,114,18,24,2026-04-04 01:18:08.508157
Jammu and Kashmir,34.0837,74.7973,69,138,47,310,12,20,2026-04-04 00:18:08.508161
Jammu and Kashmir,34.0837,74.7973,97,50,45,288,18,64,2026-04-03 23:18:08.508164
Jammu and Kashmir,34.0837,74.7973,48,68,24,356,10,72,2026-04-03 22:18:08.508168
Jammu and Kashmir,34.0837,74.7973,120,90,11,193,18,60,2026-04-03 21:18:08.508171
Jammu and Kashmir,34.0837,74.7973,83,122,18,350,27,63,2026-04-03 20:18:08.508174
Jammu and Kashmir,34.0837,74.7973,119,130,25,112,14,36,2026-04-03 19:18:08.508178
Jammu and Kashmir,34.0837,74.7973,109,51,32,317,16,51,2026-04-03 18:18:08.508182
Jammu and Kashmir,34.0837,74.7973,71,142,38,316,20,78,2026-04-03 17:18:08.508188
Jammu and Kashmir,34.0837,74.7973,25,37,26,165,20,32,2026-04-03 16:18:08.508193
Jammu and Kashmir,34.0837,74.7973,60,124,8,128,10,62,2026-04-03 15:18:08.508199
Jammu and Kashmir,34.0837,74.7973,92,54,43,160,20,13,2026-04-03 14:18:08.508204
Jammu and Kashmir,34.0837,74.7973,30,60,16,230,20,68,2026-04-03 13:18:08.508208
Jammu and Kashmir,34.0837,74.7973,102,117,6,256,2,32,2026-04-03 12:18:08.508211
Jammu and Kashmir,34.0837,74.7973,69,85,13,233,14,19,2026-04-03 11:18:08.508214
Jammu and Kashmir,34.0837,74.7973,73,44,49,125,13,45,2026-04-03 10:18:08.508218
Jammu and Kashmir,34.0837,74.7973,78,121,19,376,4,27,2026-04-03 09:18:08.508221
Jammu and Kashmir,34.0837,74.7973,111,122,30,374,3,32,2026-04-03 08:18:08.508225
Jammu and Kashmir,34.0837,74.7973,109,45,32,311,17,40,2026-04-03 07:18:08.508228
Jammu and Kashmir,34.0837,74.7973,74,107,32,255,6,42,2026-04-03 06:18:08.508232
Jammu and Kashmir,34.0837,74.7973,29,131,5,370,6,34,2026-04-03 05:18:08.508235
Jammu and Kashmir,34.0837,74.7973,48,88,11,344,5,76,2026-04-03 04:18:08.508239
Jammu and Kashmir,34.0837,74.7973,44,132,25,189,21,78,2026-04-03 03:18:08.508242
Jammu and Kashmir,34.0837,74.7973,31,125,20,285,5,54,2026-04-03 02:18:08.508245
Jammu and Kashmir,34.0837,74.7973,110,40,22,295,15,14,2026-04-03 01:18:08.508249
Jammu and Kashmir,34.0837,74.7973,90,97,29,112,26,30,2026-04-03 00:18:08.508254
Jammu and Kashmir,34.0837,74.7973,63,31,17,220,27,47,2026-04-02 23:18:08.508258
Jammu and Kashmir,34.0837,74.7973,94,76,46,225,5,16,2026-04-02 22:18:08.508261
Jammu and Kashmir,34.0837,74.7973,76,77,17,242,26,17,2026-04-02 21:18:08.508265
Jammu and Kashmir,34.0837,74.7973,85,124,31,188,4,18,2026-04-02 20:18:08.508268
Jammu and Kashmir,34.0837,74.7973,53,121,15,379,9,14,2026-04-02 19:18:08.508271
Jammu and Kashmir,34.0837,74.7973,65,120,24,143,10,75,2026-04-02 18:18:08.508276
Jammu and Kashmir,34.0837,74.7973,49,106,13,371,19,38,2026-04-02 17:18:08.508281
Jammu and Kashmir,34.0837,74.7973,82,117,6,217,8,58,2026-04-02 16:18:08.508287
Jammu and Kashmir,34.0837,74.7973,39,74,9,354,26,40,2026-04-02 15:18:08.508293
Jammu and Kashmir,34.0837,74.7973,64,89,12,104,7,29,2026-04-02 14:18:08.508297
Jammu and Kashmir,34.0837,74.7973,21,115,42,177,25,47,2026-04-02 13:18:08.508301
Jammu and Kashmir,34.0837,74.7973,38,70,7,295,21,34,2026-04-02 12:18:08.508305
Jammu and Kashmir,34.0837,74.7973,21,71,36,148,10,51,2026-04-02 11:18:08.508309
Jammu and Kashmir,34.0837,74.7973,38,121,12,328,12,40,2026-04-02 10:18:08.508313
Jammu and Kashmir,34.0837,74.7973,99,70,47,385,25,36,2026-04-02 09:18:08.508316
Jammu and Kashmir,34.0837,74.7973,113,98,47,188,22,71,2026-04-02 08:18:08.508319
Jammu and Kashmir,34.0837,74.7973,118,51,32,395,29,80,2026-04-02 07:18:08.508323
Jammu and Kashmir,34.0837,74.7973,55,147,38,201,10,79,2026-04-02 06:18:08.508326
Jammu and Kashmir,34.0837,74.7973,41,136,32,345,29,66,2026-04-02 05:18:08.508331
Jammu and Kashmir,34.0837,74.7973,87,147,16,172,3,56,2026-04-02 04:18:08.508334
Jammu and Kashmir,34.0837,74.7973,64,127,34,177,15,39,2026-04-02 03:18:08.508338
Jammu and Kashmir,34.0837,74.7973,46,122,11,219,10,76,2026-04-02 02:18:08.508341
Jammu and Kashmir,34.0837,74.7973,41,121,18,138,21,14,2026-04-02 01:18:08.508345
Jammu and Kashmir,34.0837,74.7973,120,43,24,354,21,16,2026-04-02 00:18:08.508348
Jammu and Kashmir,34.0837,74.7973,75,123,12,323,18,29,2026-04-01 23:18:08.508353
Jammu and Kashmir,34.0837,74.7973,103,39,8,310,9,79,2026-04-01 22:18:08.508357
Jammu and Kashmir,34.0837,74.7973,106,56,37,102,15,80,2026-04-01 21:18:08.508360
Jammu and Kashmir,34.0837,74.7973,112,70,6,129,12,23,2026-04-01 20:18:08.508364
Jammu and Kashmir,34.0837,74.7973,83,73,7,195,11,20,2026-04-01 19:18:08.508367
Jammu and Kashmir,34.0837,74.7973,79,54,29,311,20,15,2026-04-01 18:18:08.508371
Jammu and Kashmir,34.0837,74.7973,46,126,30,326,15,38,2026-04-01 17:18:08.508374
Jammu and Kashmir,34.0837,74.7973,46,134,13,342,16,72,2026-04-01 16:18:08.508380
Jammu and Kashmir,34.0837,74.7973,90,55,46,123,29,10,2026-04-01 15:18:08.508385
Jammu and Kashmir,34.0837,74.7973,58,51,7,194,16,74,2026-04-01 14:18:08.508391
Jammu and Kashmir,34.0837,74.7973,101,144,45,220,15,68,2026-04-01 13:18:08.508395
Jammu and Kashmir,34.0837,74.7973,54,110,11,154,16,42,2026-04-01 12:18:08.508399
Jammu and Kashmir,34.0837,74.7973,105,116,40,137,30,30,2026-04-01 11:18:08.508402
Jammu and Kashmir,34.0837,74.7973,27,90,28,200,25,52,2026-04-01 10:18:08.508406
Jammu and Kashmir,34.0837,74.7973,110,59,50,118,13,53,2026-04-01 09:18:08.508409
Jammu and Kashmir,34.0837,74.7973,79,33,7,114,29,71,2026-04-01 08:18:08.508412
Jammu and Kashmir,34.0837,74.7973,108,147,24,178,23,27,2026-04-01 07:18:08.508416
Jammu and Kashmir,34.0837,74.7973,95,131,35,179,8,36,2026-04-01 06:18:08.508419
Jammu and Kashmir,34.0837,74.7973,91,137,5,136,11,62,2026-04-01 05:18:08.508423
Jammu and Kashmir,34.0837,74.7973,57,124,29,258,29,19,2026-04-01 04:18:08.508426
Jammu and Kashmir,34.0837,74.7973,49,79,44,188,7,74,2026-04-01 03:18:08.508431
Jammu and Kashmir,34.0837,74.7973,54,81,34,303,8,74,2026-04-01 02:18:08.508435
Jammu and Kashmir,34.0837,74.7973,61,79,46,260,26,77,2026-04-01 01:18:08.508439
Jammu and Kashmir,34.0837,74.7973,26,58,11,330,16,73,2026-04-01 00:18:08.508442
Jammu and Kashmir,34.0837,74.7973,42,96,6,131,19,71,2026-03-31 23:18:08.508446
Jammu and Kashmir,34.0837,74.7973,115,121,19,275,2,65,2026-03-31 22:18:08.508450
Jammu and Kashmir,34.0837,74.7973,70,37,49,151,21,53,2026-03-31 21:18:08.508453
Jammu and Kashmir,34.0837,74.7973,95,135,47,380,12,12,2026-03-31 20:18:08.508456
Jammu and Kashmir,34.0837,74.7973,31,99,44,326,6,19,2026-03-31 19:18:08.508460
Jammu and Kashmir,34.0837,74.7973,46,149,5,134,4,57,2026-03-31 18:18:08.508463
Jammu and Kashmir,34.0837,74.7973,79,148,18,256,10,41,2026-03-31 17:18:08.508467
Jammu and Kashmir,34.0837,74.7973,105,118,28,234,22,73,2026-03-31 16:18:08.508470
Jammu and Kashmir,34.0837,74.7973,115,98,14,125,17,41,2026-03-31 15:18:08.508475
Jammu and Kashmir,34.0837,74.7973,50,81,8,312,25,73,2026-03-31 14:18:08.508480
Jammu and Kashmir,34.0837,74.7973,76,63,17,282,16,18,2026-03-31 13:18:08.508486
Jammu and Kashmir,34.0837,74.7973,91,143,9,343,28,78,2026-03-31 12:18:08.508491
Jammu and Kashmir,34.0837,74.7973,56,67,27,163,20,59,2026-03-31 11:18:08.508495
Jammu and Kashmir,34.0837,74.7973,90,145,18,320,12,38,2026-03-31 10:18:08.508499
Jammu and Kashmir,34.0837,74.7973,77,140,37,137,3,51,2026-03-31 09:18:08.508506
Jammu and Kashmir,34.0837,74.7973,84,60,37,257,18,69,2026-03-31 08:18:08.508512
Jammu and Kashmir,34.0837,74.7973,47,121,48,111,15,17,2026-03-31 07:18:08.508516
Jammu and Kashmir,34.0837,74.7973,21,56,37,292,12,52,2026-03-31 06:18:08.508519
Jammu and Kashmir,34.0837,74.7973,102,145,14,354,23,38,2026-03-31 05:18:08.508523
Jammu and Kashmir,34.0837,74.7973,91,112,32,370,4,79,2026-03-31 04:18:08.508526
Jammu and Kashmir,34.0837,74.7973,94,85,31,276,8,22,2026-03-31 03:18:08.508530
Jammu and Kashmir,34.0837,74.7973,77,54,24,172,6,25,2026-03-31 02:18:08.508534
Jammu and Kashmir,34.0837,74.7973,34,71,39,360,2,45,2026-03-31 01:18:08.508538
Jammu and Kashmir,34.0837,74.7973,69,109,18,116,15,13,2026-03-31 00:18:08.508541
Jammu and Kashmir,34.0837,74.7973,60,51,50,271,23,77,2026-03-30 23:18:08.508545
Jammu and Kashmir,34.0837,74.7973,23,86,46,162,12,74,2026-03-30 22:18:08.508548
Jammu and Kashmir,34.0837,74.7973,116,70,34,239,6,35,2026-03-30 21:18:08.508551
Jammu and Kashmir,34.0837,74.7973,99,65,11,278,9,34,2026-03-30 20:18:08.508557
Jammu and Kashmir,34.0837,74.7973,92,135,40,175,17,42,2026-03-30 19:18:08.508563
Jammu and Kashmir,34.0837,74.7973,50,77,45,267,12,75,2026-03-30 18:18:08.508569
Jammu and Kashmir,34.0837,74.7973,87,80,49,177,29,79,2026-03-30 17:18:08.508574
Jammu and Kashmir,34.0837,74.7973,29,59,33,149,5,53,2026-03-30 16:18:08.508580
Jammu and Kashmir,34.0837,74.7973,117,37,34,225,12,12,2026-03-30 15:18:08.508586
Jammu and Kashmir,34.0837,74.7973,101,115,29,295,12,32,2026-03-30 14:18:08.508593
Jammu and Kashmir,34.0837,74.7973,80,115,50,304,8,38,2026-03-30 13:18:08.508599
Jammu and Kashmir,34.0837,74.7973,70,80,8,279,19,65,2026-03-30 12:18:08.508607
Jammu and Kashmir,34.0837,74.7973,79,71,25,176,29,11,2026-03-30 11:18:08.508612
Jammu and Kashmir,34.0837,74.7973,52,49,27,163,21,56,2026-03-30 10:18:08.508642
Jammu and Kashmir,34.0837,74.7973,106,122,46,174,12,74,2026-03-30 09:18:08.508671
Jammu and Kashmir,34.0837,74.7973,77,134,40,314,28,46,2026-03-30 08:18:08.508678
Jammu and Kashmir,34.0837,74.7973,31,80,28,313,15,29,2026-03-30 07:18:08.508685
Jammu and Kashmir,34.0837,74.7973,60,137,7,362,15,37,2026-03-30 06:18:08.508692
Jammu and Kashmir,34.0837,74.7973,25,119,44,395,2,62,2026-03-30 05:18:08.508699
Jammu and Kashmir,34.0837,74.7973,95,37,10,399,23,59,2026-03-30 04:18:08.508705
Jammu and Kashmir,34.0837,74.7973,80,126,49,162,14,47,2026-03-30 03:18:08.508710
Jammu and Kashmir,34.0837,74.7973,101,91,37,272,3,45,2026-03-30 02:18:08.508716
Jammu and Kashmir,34.0837,74.7973,107,60,29,152,22,25,2026-03-30 01:18:08.508722
Jammu and Kashmir,34.0837,74.7973,84,133,11,200,29,49,2026-03-30 00:18:08.508729
Jammu and Kashmir,34.0837,74.7973,76,149,38,186,4,20,2026-03-29 23:18:08.508735
Jammu and Kashmir,34.0837,74.7973,110,105,12,100,4,14,2026-03-29 22:18:08.508742
Jammu and Kashmir,34.0837,74.7973,68,57,17,223,27,66,2026-03-29 21:18:08.508749
Jammu and Kashmir,34.0837,74.7973,75,61,38,139,18,73,2026-03-29 20:18:08.508756
Jammu and Kashmir,34.0837,74.7973,65,100,23,392,2,29,2026-03-29 19:18:08.508762
Jammu and Kashmir,34.0837,74.7973,80,54,34,154,22,25,2026-03-29 18:18:08.508769
Jammu and Kashmir,34.0837,74.7973,83,105,12,320,26,17,2026-03-29 17:18:08.508780
Jammu and Kashmir,34.0837,74.7973,112,139,12,230,10,38,2026-03-29 16:18:08.508787
Jammu and Kashmir,34.0837,74.7973,108,50,17,385,24,80,2026-03-29 15:18:08.508796
Jammu and Kashmir,34.0837,74.7973,22,72,35,185,28,15,2026-03-29 14:18:08.508803
Jammu and Kashmir,34.0837,74.7973,111,62,22,276,23,76,2026-03-29 13:18:08.508810
Jammu and Kashmir,34.0837,74.7973,28,35,7,281,30,61,2026-03-29 12:18:08.508817
Jammu and Kashmir,34.0837,74.7973,105,69,33,317,21,14,2026-03-29 11:18:08.508824
Jammu and Kashmir,34.0837,74.7973,120,110,50,371,16,53,2026-03-29 10:18:08.508830
Jammu and Kashmir,34.0837,74.7973,54,119,15,156,6,67,2026-03-29 09:18:08.508837
Jammu and Kashmir,34.0837,74.7973,66,143,37,112,24,27,2026-03-29 08:18:08.508843
Jammu and Kashmir,34.0837,74.7973,119,96,10,270,25,28,2026-03-29 07:18:08.508848
Jammu and Kashmir,34.0837,74.7973,113,96,38,257,26,42,2026-03-29 06:18:08.509086
Jammu and Kashmir,34.0837,74.7973,25,37,11,267,3,23,2026-03-29 05:18:08.509098
Jammu and Kashmir,34.0837,74.7973,99,120,7,355,11,12,2026-03-29 04:18:08.509104
Jammu and Kashmir,34.0837,74.7973,118,67,7,199,4,60,2026-03-29 03:18:08.509109
Jammu and Kashmir,34.0837,74.7973,34,135,50,297,27,60,2026-03-29 02:18:08.509114
Jammu and Kashmir,34.0837,74.7973,104,97,23,392,29,45,2026-03-29 01:18:08.509121
Jammu and Kashmir,34.0837,74.7973,55,55,45,291,30,79,2026-03-29 00:18:08.509126
Jammu and Kashmir,34.0837,74.7973,108,137,14,172,27,28,2026-03-28 23:18:08.509131
Jammu and Kashmir,34.0837,74.7973,40,38,27,399,10,45,2026-03-28 22:18:08.509137
Jammu and Kashmir,34.0837,74.7973,120,46,42,327,18,19,2026-03-28 21:18:08.509145
Jammu and Kashmir,34.0837,74.7973,90,143,34,170,30,41,2026-03-28 20:18:08.509150
Jammu and Kashmir,34.0837,74.7973,27,61,31,354,16,50,2026-03-28 19:18:08.509156
Jammu and Kashmir,34.0837,74.7973,67,119,13,311,10,74,2026-03-28 18:18:08.509227
Jammu and Kashmir,34.0837,74.7973,51,119,29,367,23,29,2026-03-28 17:18:08.509244
Jammu and Kashmir,34.0837,74.7973,49,40,49,285,8,29,2026-03-28 16:18:08.509250
Jammu and Kashmir,34.0837,74.7973,94,42,13,317,24,63,2026-03-28 15:18:08.509257
Jammu and Kashmir,34.0837,74.7973,86,41,25,232,4,11,2026-03-28 14:18:08.509263
Jammu and Kashmir,34.0837,74.7973,113,135,18,203,30,10,2026-03-28 13:18:08.509270
Jammu and Kashmir,34.0837,74.7973,115,32,49,158,23,27,2026-03-28 12:18:08.509276
Jammu and Kashmir,34.0837,74.7973,112,33,5,129,30,76,2026-03-28 11:18:08.509283
Jammu and Kashmir,34.0837,74.7973,49,90,18,292,9,79,2026-03-28 10:18:08.509290
Jammu and Kashmir,34.0837,74.7973,97,70,22,163,18,65,2026-03-28 09:18:08.509296
Jammu and Kashmir,34.0837,74.7973,117,45,26,107,8,65,2026-03-28 08:18:08.509303
Jammu and Kashmir,34.0837,74.7973,106,51,28,120,11,46,2026-03-28 07:18:08.509309
Jammu and Kashmir,34.0837,74.7973,99,51,42,371,2,74,2026-03-28 06:18:08.509316
Jammu and Kashmir,34.0837,74.7973,81,48,30,358,7,35,2026-03-28 05:18:08.509323
Jammu and Kashmir,34.0837,74.7973,114,103,32,106,20,42,2026-03-28 04:18:08.509329
Jammu and Kashmir,34.0837,74.7973,51,64,22,104,17,13,2026-03-28 03:18:08.509335
Jammu and Kashmir,34.0837,74.7973,37,108,23,237,8,30,2026-03-28 02:18:08.509344
Jammu and Kashmir,34.0837,74.7973,117,54,47,134,20,35,2026-03-28 01:18:08.509350
Jammu and Kashmir,34.0837,74.7973,92,108,42,327,13,43,2026-03-28 00:18:08.509367
Hyderabad,17.385,78.4867,97,130,13,241,5,60,2026-04-06 23:18:08.509375
Hyderabad,17.385,78.4867,60,129,17,291,15,15,2026-04-06 22:18:08.509382
Hyderabad,17.385,78.4867,24,52,5,282,17,17,2026-04-06 21:18:08.509389
Hyderabad,17.385,78.4867,34,96,45,109,26,56,2026-04-06 20:18:08.509395
Hyderabad,17.385,78.4867,66,46,48,390,29,28,2026-04-06 19:18:08.509409
Hyderabad,17.385,78.4867,84,49,46,270,29,26,2026-04-06 18:18:08.509430
Hyderabad,17.385,78.4867,80,104,7,102,28,42,2026-04-06 17:18:08.509446
Hyderabad,17.385,78.4867,27,119,50,327,20,79,2026-04-06 16:18:08.509453
Hyderabad,17.385,78.4867,55,102,46,393,15,32,2026-04-06 15:18:08.509459
Hyderabad,17.385,78.4867,63,58,45,146,4,22,2026-04-06 14:18:08.509464
Hyderabad,17.385,78.4867,41,73,24,400,5,60,2026-04-06 13:18:08.509470
Hyderabad,17.385,78.4867,47,30,25,285,4,25,2026-04-06 12:18:08.509476
Hyderabad,17.385,78.4867,112,66,26,178,25,72,2026-04-06 11:18:08.509483
Hyderabad,17.385,78.4867,107,111,39,115,3,60,2026-04-06 10:18:08.509492
Hyderabad,17.385,78.4867,23,44,43,138,18,70,2026-04-06 09:18:08.509498
Hyderabad,17.385,78.4867,120,138,6,256,12,16,2026-04-06 08:18:08.509502
Hyderabad,17.385,78.4867,28,118,5,121,17,62,2026-04-06 07:18:08.509506
Hyderabad,17.385,78.4867,90,139,36,102,4,71,2026-04-06 06:18:08.509516
Hyderabad,17.385,78.4867,98,124,31,303,19,24,2026-04-06 05:18:08.509521
Hyderabad,17.385,78.4867,96,127,23,343,21,65,2026-04-06 04:18:08.509525
Hyderabad,17.385,78.4867,110,124,12,113,18,79,2026-04-06 03:18:08.509528
Hyderabad,17.385,78.4867,120,93,13,366,18,18,2026-04-06 02:18:08.509532
Hyderabad,17.385,78.4867,47,61,34,243,30,20,2026-04-06 01:18:08.509536
Hyderabad,17.385,78.4867,30,71,37,213,29,62,2026-04-06 00:18:08.509540
Hyderabad,17.385,78.4867,104,134,12,165,30,21,2026-04-05 23:18:08.509543
Hyderabad,17.385,78.4867,47,125,47,349,21,50,2026-04-05 22:18:08.509549
Hyderabad,17.385,78.4867,120,39,41,284,16,75,2026-04-05 21:18:08.509555
Hyderabad,17.385,78.4867,82,76,13,198,30,18,2026-04-05 20:18:08.509561
Hyderabad,17.385,78.4867,20,87,47,333,17,30,2026-04-05 19:18:08.509567
Hyderabad,17.385,78.4867,42,87,17,270,28,52,2026-04-05 18:18:08.509583
Hyderabad,17.385,78.4867,95,61,39,231,6,15,2026-04-05 17:18:08.509589
Hyderabad,17.385,78.4867,83,111,48,308,2,13,2026-04-05 16:18:08.509592
Hyderabad,17.385,78.4867,75,58,6,153,6,73,2026-04-05 15:18:08.509596
Hyderabad,17.385,78.4867,34,50,25,384,22,80,2026-04-05 14:18:08.509600
Hyderabad,17.385,78.4867,105,145,43,246,13,13,2026-04-05 13:18:08.509603
Hyderabad,17.385,78.4867,34,69,33,100,7,53,2026-04-05 12:18:08.509606
Hyderabad,17.385,78.4867,117,142,28,275,8,61,2026-04-05 11:18:08.509621
Hyderabad,17.385,78.4867,75,46,42,157,30,67,2026-04-05 10:18:08.509628
Hyderabad,17.385,78.4867,87,142,14,201,12,37,2026-04-05 09:18:08.509634
Hyderabad,17.385,78.4867,85,142,25,162,23,35,2026-04-05 08:18:08.509640
Hyderabad,17.385,78.4867,100,57,26,114,14,67,2026-04-05 07:18:08.509646
Hyderabad,17.385,78.4867,109,55,7,204,25,46,2026-04-05 06:18:08.509651
Hyderabad,17.385,78.4867,95,100,36,166,12,65,2026-04-05 05:18:08.509657
Hyderabad,17.385,78.4867,98,117,49,285,13,19,2026-04-05 04:18:08.509663
Hyderabad,17.385,78.4867,64,31,38,148,3,60,2026-04-05 03:18:08.509672
Hyderabad,17.385,78.4867,87,67,11,368,10,31,2026-04-05 02:18:08.509699
Hyderabad,17.385,78.4867,39,126,47,344,4,59,2026-04-05 01:18:08.509707
Hyderabad,17.385,78.4867,79,138,47,101,25,71,2026-04-05 00:18:08.509713
Hyderabad,17.385,78.4867,67,99,18,368,3,53,2026-04-04 23:18:08.509742
Hyderabad,17.385,78.4867,28,45,10,397,5,40,2026-04-04 22:18:08.509754
Hyderabad,17.385,78.4867,51,44,38,235,2,56,2026-04-04 21:18:08.509760
Hyderabad,17.385,78.4867,92,106,45,397,18,59,2026-04-04 20:18:08.509767
Hyderabad,17.385,78.4867,63,45,16,110,8,63,2026-04-04 19:18:08.509772
Hyderabad,17.385,78.4867,48,135,32,345,22,68,2026-04-04 18:18:08.509779
Hyderabad,17.385,78.4867,112,54,49,307,11,36,2026-04-04 17:18:08.509786
Hyderabad,17.385,78.4867,46,36,35,234,30,26,2026-04-04 16:18:08.509791
Hyderabad,17.385,78.4867,113,70,25,196,15,14,2026-04-04 15:18:08.509798
Hyderabad,17.385,78.4867,112,95,35,317,5,11,2026-04-04 14:18:08.509801
Hyderabad,17.385,78.4867,107,40,16,396,4,55,2026-04-04 13:18:08.509805
Hyderabad,17.385,78.4867,75,131,34,324,24,34,2026-04-04 12:18:08.509808
Hyderabad,17.385,78.4867,67,90,17,367,5,48,2026-04-04 11:18:08.509812
Hyderabad,17.385,78.4867,53,78,12,252,26,60,2026-04-04 10:18:08.509816
Hyderabad,17.385,78.4867,60,141,25,144,8,29,2026-04-04 09:18:08.509819
Hyderabad,17.385,78.4867,38,76,13,389,14,52,2026-04-04 08:18:08.509823
Hyderabad,17.385,78.4867,62,70,17,396,27,67,2026-04-04 07:18:08.509826
Hyderabad,17.385,78.4867,59,70,15,150,27,21,2026-04-04 06:18:08.509829
Hyderabad,17.385,78.4867,36,78,39,271,11,26,2026-04-04 05:18:08.509833
Hyderabad,17.385,78.4867,33,72,6,357,30,52,2026-04-04 04:18:08.509836
Hyderabad,17.385,78.4867,35,148,19,365,6,43,2026-04-04 03:18:08.509840
Hyderabad,17.385,78.4867,27,141,50,220,29,80,2026-04-04 02:18:08.509843
Hyderabad,17.385,78.4867,50,107,9,387,13,47,2026-04-04 01:18:08.509847
Hyderabad,17.385,78.4867,20,114,6,249,12,29,2026-04-04 00:18:08.509850
Hyderabad,17.385,78.4867,32,78,42,264,4,29,2026-04-03 23:18:08.509854
Hyderabad,17.385,78.4867,27,38,33,375,27,38,2026-04-03 22:18:08.509857
Hyderabad,17.385,78.4867,103,138,23,373,23,40,2026-04-03 21:18:08.509860
Hyderabad,17.385,78.4867,69,110,16,214,27,53,2026-04-03 20:18:08.509865
Hyderabad,17.385,78.4867,64,99,14,270,30,14,2026-04-03 19:18:08.509869
Hyderabad,17.385,78.4867,60,101,28,172,18,62,2026-04-03 18:18:08.509873
Hyderabad,17.385,78.4867,100,64,23,121,3,28,2026-04-03 17:18:08.509879
Hyderabad,17.385,78.4867,90,112,32,233,3,24,2026-04-03 16:18:08.509884
Hyderabad,17.385,78.4867,109,63,5,332,21,28,2026-04-03 15:18:08.509890
Hyderabad,17.385,78.4867,90,61,46,198,8,70,2026-04-03 14:18:08.509897
Hyderabad,17.385,78.4867,40,107,38,261,6,14,2026-04-03 13:18:08.509903
Hyderabad,17.385,78.4867,45,121,7,253,14,73,2026-04-03 12:18:08.509909
Hyderabad,17.385,78.4867,65,62,6,261,27,18,2026-04-03 11:18:08.509915
Hyderabad,17.385,78.4867,100,36,15,164,20,64,2026-04-03 10:18:08.509922
Hyderabad,17.385,78.4867,65,102,29,155,23,10,2026-04-03 09:18:08.509928
Hyderabad,17.385,78.4867,89,137,10,310,17,54,2026-04-03 08:18:08.509932
Hyderabad,17.385,78.4867,104,75,34,207,5,17,2026-04-03 07:18:08.509937
Hyderabad,17.385,78.4867,32,119,22,329,21,69,2026-04-03 06:18:08.509943
Hyderabad,17.385,78.4867,100,49,46,308,14,20,2026-04-03 05:18:08.509948
Hyderabad,17.385,78.4867,28,142,41,271,14,43,2026-04-03 04:18:08.509953
Hyderabad,17.385,78.4867,87,35,10,273,8,29,2026-04-03 03:18:08.510137
Hyderabad,17.385,78.4867,72,55,6,279,8,50,2026-04-03 02:18:08.510151
Hyderabad,17.385,78.4867,118,31,11,153,14,77,2026-04-03 01:18:08.510159
Hyderabad,17.385,78.4867,94,42,7,358,17,75,2026-04-03 00:18:08.510170
Hyderabad,17.385,78.4867,39,132,11,363,18,34,2026-04-02 23:18:08.510177
Hyderabad,17.385,78.4867,94,61,34,345,29,35,2026-04-02 22:18:08.510184
Hyderabad,17.385,78.4867,119,141,7,176,10,37,2026-04-02 21:18:08.510191
Hyderabad,17.385,78.4867,65,114,30,107,20,78,2026-04-02 20:18:08.510198
Hyderabad,17.385,78.4867,47,96,27,347,12,30,2026-04-02 19:18:08.510204
Hyderabad,17.385,78.4867,107,91,18,133,30,19,2026-04-02 18:18:08.510211
Hyderabad,17.385,78.4867,50,65,15,133,18,19,2026-04-02 17:18:08.510218
Hyderabad,17.385,78.4867,67,130,44,185,3,36,2026-04-02 16:18:08.510225
Hyderabad,17.385,78.4867,26,80,15,286,27,44,2026-04-02 15:18:08.510231
Hyderabad,17.385,78.4867,118,114,11,334,26,50,2026-04-02 14:18:08.510238
Hyderabad,17.385,78.4867,76,146,43,180,26,49,2026-04-02 13:18:08.510245
Hyderabad,17.385,78.4867,41,130,8,351,2,68,2026-04-02 12:18:08.510252
Hyderabad,17.385,78.4867,90,118,31,327,4,60,2026-04-02 11:18:08.510258
Hyderabad,17.385,78.4867,85,104,16,216,4,44,2026-04-02 10:18:08.510284
Hyderabad,17.385,78.4867,118,148,15,212,18,29,2026-04-02 09:18:08.510298
Hyderabad,17.385,78.4867,83,65,27,342,8,79,2026-04-02 08:18:08.510305
Hyderabad,17.385,78.4867,28,120,17,138,22,39,2026-04-02 07:18:08.510312
Hyderabad,17.385,78.4867,57,92,46,301,11,69,2026-04-02 06:18:08.510319
Hyderabad,17.385,78.4867,87,141,30,257,20,17,2026-04-02 05:18:08.510328
Hyderabad,17.385,78.4867,86,51,5,286,6,69,2026-04-02 04:18:08.510335
Hyderabad,17.385,78.4867,87,34,25,194,5,19,2026-04-02 03:18:08.510342
Hyderabad,17.385,78.4867,31,71,46,262,7,24,2026-04-02 02:18:08.510349
Hyderabad,17.385,78.4867,54,89,29,109,27,62,2026-04-02 01:18:08.510356
Hyderabad,17.385,78.4867,100,92,11,329,2,71,2026-04-02 00:18:08.510365
Hyderabad,17.385,78.4867,70,44,28,303,28,49,2026-04-01 23:18:08.510373
Hyderabad,17.385,78.4867,108,146,7,347,21,66,2026-04-01 22:18:08.510380
Hyderabad,17.385,78.4867,59,52,43,260,7,58,2026-04-01 21:18:08.510387
Hyderabad,17.385,78.4867,112,82,45,193,9,78,2026-04-01 20:18:08.510394
Hyderabad,17.385,78.4867,33,79,41,167,27,68,2026-04-01 19:18:08.510401
Hyderabad,17.385,78.4867,99,130,9,304,12,38,2026-04-01 18:18:08.510408
Hyderabad,17.385,78.4867,108,50,30,330,25,23,2026-04-01 17:18:08.510415
Hyderabad,17.385,78.4867,113,126,26,100,13,68,2026-04-01 16:18:08.510422
Hyderabad,17.385,78.4867,76,53,42,355,30,78,2026-04-01 15:18:08.510465
Hyderabad,17.385,78.4867,67,144,19,357,18,32,2026-04-01 14:18:08.510480
Hyderabad,17.385,78.4867,120,140,6,294,4,28,2026-04-01 13:18:08.510486
Hyderabad,17.385,78.4867,102,102,38,138,11,29,2026-04-01 12:18:08.510492
Hyderabad,17.385,78.4867,94,94,46,198,29,10,2026-04-01 11:18:08.510500
Hyderabad,17.385,78.4867,93,150,44,185,15,18,2026-04-01 10:18:08.510506
Hyderabad,17.385,78.4867,84,77,30,212,30,60,2026-04-01 09:18:08.510514
Hyderabad,17.385,78.4867,51,72,35,102,13,65,2026-04-01 08:18:08.510521
Hyderabad,17.385,78.4867,110,72,49,115,11,71,2026-04-01 07:18:08.510527
Hyderabad,17.385,78.4867,86,76,26,141,13,37,2026-04-01 06:18:08.510535
Hyderabad,17.385,78.4867,66,77,32,220,8,38,2026-04-01 05:18:08.510541
Hyderabad,17.385,78.4867,24,108,14,368,29,22,2026-04-01 04:18:08.510547
Hyderabad,17.385,78.4867,40,47,39,195,7,65,2026-04-01 03:18:08.510553
Hyderabad,17.385,78.4867,81,76,6,379,3,47,2026-04-01 02:18:08.510581
Hyderabad,17.385,78.4867,84,60,14,266,22,56,2026-04-01 01:18:08.510589
Hyderabad,17.385,78.4867,27,38,19,211,13,72,2026-04-01 00:18:08.510594
Hyderabad,17.385,78.4867,34,71,14,232,24,34,2026-03-31 23:18:08.510599
Hyderabad,17.385,78.4867,101,48,41,265,6,41,2026-03-31 22:18:08.510605
Hyderabad,17.385,78.4867,51,116,46,194,6,24,2026-03-31 21:18:08.510611
Hyderabad,17.385,78.4867,51,100,26,276,25,57,2026-03-31 20:18:08.510616
Hyderabad,17.385,78.4867,107,129,46,153,23,37,2026-03-31 19:18:08.510621
Hyderabad,17.385,78.4867,59,105,35,100,14,13,2026-03-31 18:18:08.510628
Hyderabad,17.385,78.4867,49,52,15,142,14,53,2026-03-31 17:18:08.510634
Hyderabad,17.385,78.4867,88,41,21,321,8,52,2026-03-31 16:18:08.510639
Hyderabad,17.385,78.4867,79,30,27,393,20,44,2026-03-31 15:18:08.510644
Hyderabad,17.385,78.4867,117,97,25,272,21,68,2026-03-31 14:18:08.510651
Hyderabad,17.385,78.4867,66,60,15,141,9,63,2026-03-31 13:18:08.510658
Hyderabad,17.385,78.4867,94,144,25,284,13,67,2026-03-31 12:18:08.510663
Hyderabad,17.385,78.4867,51,119,24,347,3,32,2026-03-31 11:18:08.510669
Hyderabad,17.385,78.4867,116,122,33,347,5,44,2026-03-31 10:18:08.510674
Hyderabad,17.385,78.4867,47,100,24,359,25,64,2026-03-31 09:18:08.510680
Hyderabad,17.385,78.4867,96,84,13,366,30,60,2026-03-31 08:18:08.510686
Hyderabad,17.385,78.4867,58,47,41,352,24,26,2026-03-31 07:18:08.510691
Hyderabad,17.385,78.4867,32,134,14,265,22,45,2026-03-31 06:18:08.510697
Hyderabad,17.385,78.4867,23,147,7,351,20,78,2026-03-31 05:18:08.510703
Hyderabad,17.385,78.4867,91,147,40,337,18,39,2026-03-31 04:18:08.510743
Hyderabad,17.385,78.4867,99,106,43,370,2,27,2026-03-31 03:18:08.510757
Hyderabad,17.385,78.4867,63,52,11,216,4,41,2026-03-31 02:18:08.510765
Hyderabad,17.385,78.4867,56,97,15,184,25,35,2026-03-31 01:18:08.510771
Hyderabad,17.385,78.4867,68,142,43,321,21,38,2026-03-31 00:18:08.510778
Hyderabad,17.385,78.4867,35,63,6,265,29,30,2026-03-30 23:18:08.510785
Hyderabad,17.385,78.4867,89,32,8,111,3,68,2026-03-30 22:18:08.510792
Hyderabad,17.385,78.4867,49,131,15,223,16,49,2026-03-30 21:18:08.510799
Hyderabad,17.385,78.4867,38,43,7,373,19,46,2026-03-30 20:18:08.510806
Hyderabad,17.385,78.4867,69,37,28,247,30,34,2026-03-30 19:18:08.510813
Hyderabad,17.385,78.4867,112,144,16,324,2,76,2026-03-30 18:18:08.510824
Hyderabad,17.385,78.4867,68,138,46,195,2,65,2026-03-30 17:18:08.510831
Hyderabad,17.385,78.4867,20,43,27,356,28,47,2026-03-30 16:18:08.510837
Hyderabad,17.385,78.4867,69,34,29,380,15,47,2026-03-30 15:18:08.510844
Hyderabad,17.385,78.4867,72,92,26,137,14,63,2026-03-30 14:18:08.510851
Hyderabad,17.385,78.4867,49,44,34,358,17,46,2026-03-30 13:18:08.510858
Hyderabad,17.385,78.4867,78,104,47,248,23,29,2026-03-30 12:18:08.510864
Hyderabad,17.385,78.4867,24,55,13,204,26,68,2026-03-30 11:18:08.510870
Hyderabad,17.385,78.4867,33,123,27,291,12,36,2026-03-30 10:18:08.510877
Hyderabad,17.385,78.4867,94,81,8,304,9,18,2026-03-30 09:18:08.510882
Hyderabad,17.385,78.4867,35,131,11,242,29,55,2026-03-30 08:18:08.510888
Hyderabad,17.385,78.4867,109,109,26,334,25,39,2026-03-30 07:18:08.510893
Hyderabad,17.385,78.4867,94,100,50,271,11,74,2026-03-30 06:18:08.510899
Hyderabad,17.385,78.4867,53,77,36,154,23,60,2026-03-30 05:18:08.510905
Hyderabad,17.385,78.4867,73,108,30,378,17,44,2026-03-30 04:18:08.510912
Hyderabad,17.385,78.4867,78,84,35,377,22,43,2026-03-30 03:18:08.510919
Hyderabad,17.385,78.4867,64,100,23,247,22,29,2026-03-30 02:18:08.510925
Hyderabad,17.385,78.4867,56,44,23,316,12,15,2026-03-30 01:18:08.510932
Hyderabad,17.385,78.4867,80,109,39,115,21,51,2026-03-30 00:18:08.510938
Hyderabad,17.385,78.4867,34,131,47,136,23,56,2026-03-29 23:18:08.510947
Hyderabad,17.385,78.4867,22,55,32,177,6,67,2026-03-29 22:18:08.510953
Hyderabad,17.385,78.4867,116,117,21,204,29,20,2026-03-29 21:18:08.510960
Hyderabad,17.385,78.4867,35,129,22,363,23,21,2026-03-29 20:18:08.510967
Hyderabad,17.385,78.4867,99,116,43,391,25,45,2026-03-29 19:18:08.510974
Hyderabad,17.385,78.4867,26,33,38,370,19,39,2026-03-29 18:18:08.510981
Hyderabad,17.385,78.4867,101,79,9,290,27,53,2026-03-29 17:18:08.510988
Hyderabad,17.385,78.4867,34,60,39,303,9,11,2026-03-29 16:18:08.510995
Hyderabad,17.385,78.4867,40,82,46,375,9,65,2026-03-29 15:18:08.511001
Hyderabad,17.385,78.4867,67,32,25,285,11,61,2026-03-29 14:18:08.511008
Hyderabad,17.385,78.4867,39,76,32,222,15,76,2026-03-29 13:18:08.511014
Hyderabad,17.385,78.4867,23,93,35,166,23,38,2026-03-29 12:18:08.511021
Hyderabad,17.385,78.4867,49,61,37,309,3,41,2026-03-29 11:18:08.511028
Hyderabad,17.385,78.4867,114,55,39,277,22,42,2026-03-29 10:18:08.511035
Hyderabad,17.385,78.4867,37,125,13,202,15,71,2026-03-29 09:18:08.511041
Hyderabad,17.385,78.4867,114,83,23,128,28,22,2026-03-29 08:18:08.511047
Hyderabad,17.385,78.4867,27,71,12,111,22,56,2026-03-29 07:18:08.511051
Hyderabad,17.385,78.4867,84,95,7,220,15,50,2026-03-29 06:18:08.511056
Hyderabad,17.385,78.4867,108,98,16,103,28,45,2026-03-29 05:18:08.511061
Hyderabad,17.385,78.4867,22,138,48,235,4,52,2026-03-29 04:18:08.511068
Hyderabad,17.385,78.4867,72,105,19,299,3,17,2026-03-29 03:18:08.511076
Hyderabad,17.385,78.4867,57,43,45,160,26,50,2026-03-29 02:18:08.511082
Hyderabad,17.385,78.4867,22,117,23,151,8,36,2026-03-29 01:18:08.511091
Hyderabad,17.385,78.4867,79,136,36,355,11,15,2026-03-29 00:18:08.511097
Hyderabad,17.385,78.4867,104,83,14,349,6,59,2026-03-28 23:18:08.511104
Hyderabad,17.385,78.4867,88,44,47,189,30,13,2026-03-28 22:18:08.511110
Hyderabad,17.385,78.4867,55,39,43,223,18,64,2026-03-28 21:18:08.511118
Hyderabad,17.385,78.4867,98,145,49,138,4,12,2026-03-28 20:18:08.511124
Hyderabad,17.385,78.4867,37,99,25,217,22,13,2026-03-28 19:18:08.511131
Hyderabad,17.385,78.4867,27,128,48,367,30,33,2026-03-28 18:18:08.511138
Hyderabad,17.385,78.4867,33,101,49,221,25,66,2026-03-28 17:18:08.511145
Hyderabad,17.385,78.4867,96,69,22,217,11,44,2026-03-28 16:18:08.511152
Hyderabad,17.385,78.4867,92,87,48,170,18,75,2026-03-28 15:18:08.511158
Hyderabad,17.385,78.4867,98,141,24,161,11,70,2026-03-28 14:18:08.511165
Hyderabad,17.385,78.4867,53,147,48,111,10,71,2026-03-28 13:18:08.511172
Hyderabad,17.385,78.4867,65,128,41,264,29,76,2026-03-28 12:18:08.511179
Hyderabad,17.385,78.4867,52,76,32,110,24,13,2026-03-28 11:18:08.511185
Hyderabad,17.385,78.4867,86,115,47,135,11,64,2026-03-28 10:18:08.511192
Hyderabad,17.385,78.4867,72,134,19,290,10,23,2026-03-28 09:18:08.511198
Hyderabad,17.385,78.4867,41,42,47,260,18,13,2026-03-28 08:18:08.511206
Hyderabad,17.385,78.4867,97,73,42,362,8,49,2026-03-28 07:18:08.511212
Hyderabad,17.385,78.4867,76,114,40,188,28,69,2026-03-28 06:18:08.511218
Hyderabad,17.385,78.4867,61,78,27,322,27,52,2026-03-28 05:18:08.511224
Hyderabad,17.385,78.4867,88,146,15,117,30,71,2026-03-28 04:18:08.511230
Hyderabad,17.385,78.4867,106,125,33,282,23,13,2026-03-28 03:18:08.511237
Hyderabad,17.385,78.4867,33,51,26,323,16,11,2026-03-28 02:18:08.511246
Hyderabad,17.385,78.4867,84,82,15,395,5,68,2026-03-28 01:18:08.511253
Hyderabad,17.385,78.4867,94,31,12,332,26,25,2026-03-28 00:18:08.511260
Bangalore,12.9716,77.5946,37,60,44,201,24,33,2026-04-06 23:18:08.511268
Bangalore,12.9716,77.5946,53,116,15,288,11,50,2026-04-06 22:18:08.511275
Bangalore,12.9716,77.5946,23,86,33,190,10,11,2026-04-06 21:18:08.511282
Bangalore,12.9716,77.5946,44,143,30,383,6,17,2026-04-06 20:18:08.511289
Bangalore,12.9716,77.5946,57,139,6,302,18,65,2026-04-06 19:18:08.511296
Bangalore,12.9716,77.5946,59,50,10,343,15,14,2026-04-06 18:18:08.511302
Bangalore,12.9716,77.5946,116,112,47,300,3,37,2026-04-06 17:18:08.511310
Bangalore,12.9716,77.5946,115,131,31,198,15,35,2026-04-06 16:18:08.511316
Bangalore,12.9716,77.5946,96,41,23,353,28,77,2026-04-06 15:18:08.511323
Bangalore,12.9716,77.5946,40,53,5,231,14,28,2026-04-06 14:18:08.511330
Bangalore,12.9716,77.5946,81,108,26,301,11,69,2026-04-06 13:18:08.511336
Bangalore,12.9716,77.5946,43,76,12,348,8,15,2026-04-06 12:18:08.511345
Bangalore,12.9716,77.5946,114,130,44,373,30,29,2026-04-06 11:18:08.511352
Bangalore,12.9716,77.5946,73,100,41,367,26,77,2026-04-06 10:18:08.511357
Bangalore,12.9716,77.5946,49,41,33,382,17,72,2026-04-06 09:18:08.511364
Bangalore,12.9716,77.5946,71,61,9,379,18,42,2026-04-06 08:18:08.511369
Bangalore,12.9716,77.5946,118,139,36,306,29,64,2026-04-06 07:18:08.511374
Bangalore,12.9716,77.5946,29,48,40,335,23,76,2026-04-06 06:18:08.511380
Bangalore,12.9716,77.5946,21,100,10,120,24,32,2026-04-06 05:18:08.511386
Bangalore,12.9716,77.5946,107,126,21,310,3,80,2026-04-06 04:18:08.511393
Bangalore,12.9716,77.5946,22,55,24,336,22,66,2026-04-06 03:18:08.511399
Bangalore,12.9716,77.5946,89,56,30,316,17,69,2026-04-06 02:18:08.511406
Bangalore,12.9716,77.5946,81,33,49,198,12,20,2026-04-06 01:18:08.511413
Bangalore,12.9716,77.5946,50,44,37,355,15,77,2026-04-06 00:18:08.511420
Bangalore,12.9716,77.5946,46,147,43,140,18,11,2026-04-05 23:18:08.511426
Bangalore,12.9716,77.5946,49,74,39,394,28,29,2026-04-05 22:18:08.511433
Bangalore,12.9716,77.5946,84,56,6,100,7,78,2026-04-05 21:18:08.511440
Bangalore,12.9716,77.5946,73,112,27,170,6,14,2026-04-05 20:18:08.511447
Bangalore,12.9716,77.5946,115,43,23,397,10,42,2026-04-05 19:18:08.511454
Bangalore,12.9716,77.5946,67,137,41,270,4,21,2026-04-05 18:18:08.511461
Bangalore,12.9716,77.5946,24,85,44,154,12,34,2026-04-05 17:18:08.511469
Bangalore,12.9716,77.5946,102,96,36,337,22,34,2026-04-05 16:18:08.511476
Bangalore,12.9716,77.5946,34,86,39,390,7,33,2026-04-05 15:18:08.511483
Bangalore,12.9716,77.5946,56,121,47,326,14,48,2026-04-05 14:18:08.511490
Bangalore,12.9716,77.5946,118,44,12,139,3,18,2026-04-05 13:18:08.511497
Bangalore,12.9716,77.5946,59,40,43,369,19,75,2026-04-05 12:18:08.511504
Bangalore,12.9716,77.5946,95,58,44,248,29,58,2026-04-05 11:18:08.511510
Bangalore,12.9716,77.5946,60,45,41,311,16,78,2026-04-05 10:18:08.511516
Bangalore,12.9716,77.5946,110,34,14,299,16,26,2026-04-05 09:18:08.511522
Bangalore,12.9716,77.5946,38,42,50,220,24,48,2026-04-05 08:18:08.511528
Bangalore,12.9716,77.5946,32,32,16,353,10,46,2026-04-05 07:18:08.511534
Bangalore,12.9716,77.5946,45,34,50,211,29,67,2026-04-05 06:18:08.511540
Bangalore,12.9716,77.5946,86,100,34,393,19,42,2026-04-05 05:18:08.511547
Bangalore,12.9716,77.5946,93,144,50,104,3,38,2026-04-05 04:18:08.511553
Bangalore,12.9716,77.5946,73,38,36,294,14,64,2026-04-05 03:18:08.511560
Bangalore,12.9716,77.5946,61,97,44,358,2,64,2026-04-05 02:18:08.511570
Bangalore,12.9716,77.5946,82,54,38,397,3,69,2026-04-05 01:18:08.511577
Bangalore,12.9716,77.5946,98,99,9,309,15,33,2026-04-05 00:18:08.511583
Bangalore,12.9716,77.5946,76,93,35,122,17,54,2026-04-04 23:18:08.511590
Bangalore,12.9716,77.5946,47,43,11,122,17,51,2026-04-04 22:18:08.511597
Bangalore,12.9716,77.5946,93,38,38,314,23,78,2026-04-04 21:18:08.511605
Bangalore,12.9716,77.5946,103,105,21,373,27,34,2026-04-04 20:18:08.511612
Bangalore,12.9716,77.5946,35,97,13,277,25,27,2026-04-04 19:18:08.511618
Bangalore,12.9716,77.5946,114,98,50,336,20,10,2026-04-04 18:18:08.511625
Bangalore,12.9716,77.5946,50,144,10,193,9,34,2026-04-04 17:18:08.511632
Bangalore,12.9716,77.5946,66,54,9,240,14,77,2026-04-04 16:18:08.511639
Bangalore,12.9716,77.5946,113,144,5,281,27,32,2026-04-04 15:18:08.511645
Bangalore,12.9716,77.5946,119,139,22,129,10,29,2026-04-04 14:18:08.511652
Bangalore,12.9716,77.5946,88,49,31,230,8,53,2026-04-04 13:18:08.511659
Bangalore,12.9716,77.5946,68,133,24,361,24,39,2026-04-04 12:18:08.511665
Bangalore,12.9716,77.5946,27,35,24,271,5,63,2026-04-04 11:18:08.511673
Bangalore,12.9716,77.5946,21,63,29,213,10,31,2026-04-04 10:18:08.511681
Bangalore,12.9716,77.5946,56,97,26,292,21,44,2026-04-04 09:18:08.511687
Bangalore,12.9716,77.5946,78,144,16,345,27,57,2026-04-04 08:18:08.511693
Bangalore,12.9716,77.5946,48,146,9,266,25,42,2026-04-04 07:18:08.511699
Bangalore,12.9716,77.5946,33,58,15,225,15,63,2026-04-04 06:18:08.511706
Bangalore,12.9716,77.5946,102,117,33,355,30,42,2026-04-04 05:18:08.511712
Bangalore,12.9716,77.5946,22,97,22,167,18,27,2026-04-04 04:18:08.511719
Bangalore,12.9716,77.5946,83,52,49,238,7,33,2026-04-04 03:18:08.511725
Bangalore,12.9716,77.5946,48,135,33,218,4,55,2026-04-04 02:18:08.511734
Bangalore,12.9716,77.5946,42,123,20,106,26,58,2026-04-04 01:18:08.511742
Bangalore,12.9716,77.5946,103,119,35,122,5,12,2026-04-04 00:18:08.511748
Bangalore,12.9716,77.5946,53,96,48,327,29,34,2026-04-03 23:18:08.511755
Bangalore,12.9716,77.5946,31,118,26,198,20,59,2026-04-03 22:18:08.511762
Bangalore,12.9716,77.5946,50,44,17,219,14,33,2026-04-03 21:18:08.511769
Bangalore,12.9716,77.5946,63,77,36,243,28,54,2026-04-03 20:18:08.511776
Bangalore,12.9716,77.5946,61,44,31,370,13,12,2026-04-03 19:18:08.511782
Bangalore,12.9716,77.5946,65,88,50,223,29,27,2026-04-03 18:18:08.511789
Bangalore,12.9716,77.5946,99,36,6,160,3,35,2026-04-03 17:18:08.511796
Bangalore,12.9716,77.5946,109,140,24,195,24,67,2026-04-03 16:18:08.511802
Bangalore,12.9716,77.5946,51,40,40,356,27,57,2026-04-03 15:18:08.511809
Bangalore,12.9716,77.5946,23,95,5,165,24,23,2026-04-03 14:18:08.511816
Bangalore,12.9716,77.5946,69,97,29,281,3,59,2026-04-03 13:18:08.511822
Bangalore,12.9716,77.5946,56,127,46,223,4,53,2026-04-03 12:18:08.511828
Bangalore,12.9716,77.5946,61,44,33,355,30,60,2026-04-03 11:18:08.511834
Bangalore,12.9716,77.5946,44,32,9,126,27,19,2026-04-03 10:18:08.511840
Bangalore,12.9716,77.5946,35,30,7,200,29,10,2026-04-03 09:18:08.511846
Bangalore,12.9716,77.5946,60,54,12,136,6,30,2026-04-03 08:18:08.511852
Bangalore,12.9716,77.5946,40,66,30,182,6,18,2026-04-03 07:18:08.511858
Bangalore,12.9716,77.5946,81,53,42,327,27,59,2026-04-03 06:18:08.511866
Bangalore,12.9716,77.5946,62,90,8,165,4,80,2026-04-03 05:18:08.511873
Bangalore,12.9716,77.5946,120,120,19,195,22,43,2026-04-03 04:18:08.511880
Bangalore,12.9716,77.5946,80,87,41,340,6,48,2026-04-03 03:18:08.511886
Bangalore,12.9716,77.5946,90,92,38,239,4,32,2026-04-03 02:18:08.511894
Bangalore,12.9716,77.5946,61,57,45,195,20,38,2026-04-03 01:18:08.511901
Bangalore,12.9716,77.5946,80,108,42,118,11,15,2026-04-03 00:18:08.511907
Bangalore,12.9716,77.5946,62,53,15,270,14,64,2026-04-02 23:18:08.511914
Bangalore,12.9716,77.5946,46,124,34,309,14,24,2026-04-02 22:18:08.511921
Bangalore,12.9716,77.5946,41,127,28,289,6,36,2026-04-02 21:18:08.511928
Bangalore,12.9716,77.5946,120,77,47,214,16,80,2026-04-02 20:18:08.511935
Bangalore,12.9716,77.5946,91,84,19,393,27,29,2026-04-02 19:18:08.511942
Bangalore,12.9716,77.5946,61,38,16,193,9,38,2026-04-02 18:18:08.511949
Bangalore,12.9716,77.5946,50,138,21,214,19,36,2026-04-02 17:18:08.511955
Bangalore,12.9716,77.5946,66,124,21,349,12,50,2026-04-02 16:18:08.511962
Bangalore,12.9716,77.5946,94,72,17,146,29,78,2026-04-02 15:18:08.511968
Bangalore,12.9716,77.5946,23,57,50,378,9,67,2026-04-02 14:18:08.511975
Bangalore,12.9716,77.5946,81,81,11,264,19,59,2026-04-02 13:18:08.511981
Bangalore,12.9716,77.5946,111,129,38,321,9,69,2026-04-02 12:18:08.511987
Bangalore,12.9716,77.5946,50,67,39,207,11,50,2026-04-02 11:18:08.511994
Bangalore,12.9716,77.5946,35,140,33,292,5,53,2026-04-02 10:18:08.512000
Bangalore,12.9716,77.5946,43,119,17,250,7,42,2026-04-02 09:18:08.512006
Bangalore,12.9716,77.5946,31,113,7,286,20,56,2026-04-02 08:18:08.512011
Bangalore,12.9716,77.5946,117,80,23,384,11,14,2026-04-02 07:18:08.512017
Bangalore,12.9716,77.5946,24,121,18,184,26,12,2026-04-02 06:18:08.512023
Bangalore,12.9716,77.5946,98,149,39,170,13,47,2026-04-02 05:18:08.512030
Bangalore,12.9716,77.5946,87,55,47,277,9,64,2026-04-02 04:18:08.512036
Bangalore,12.9716,77.5946,108,133,9,273,11,38,2026-04-02 03:18:08.512043
Bangalore,12.9716,77.5946,51,64,26,229,11,41,2026-04-02 02:18:08.512050
Bangalore,12.9716,77.5946,111,116,22,222,11,35,2026-04-02 01:18:08.512056
Bangalore,12.9716,77.5946,56,32,38,342,11,26,2026-04-02 00:18:08.512063
Bangalore,12.9716,77.5946,109,116,30,122,19,67,2026-04-01 23:18:08.512069
Bangalore,12.9716,77.5946,114,85,33,281,12,15,2026-04-01 22:18:08.512077
Bangalore,12.9716,77.5946,108,54,19,253,14,19,2026-04-01 21:18:08.512089
Bangalore,12.9716,77.5946,32,35,6,191,28,10,2026-04-01 20:18:08.512096
Bangalore,12.9716,77.5946,102,82,34,130,24,22,2026-04-01 19:18:08.512103
Bangalore,12.9716,77.5946,91,91,12,192,18,62,2026-04-01 18:18:08.512111
Bangalore,12.9716,77.5946,81,137,36,370,2,58,2026-04-01 17:18:08.512120
Bangalore,12.9716,77.5946,38,92,14,227,30,57,2026-04-01 16:18:08.512127
Bangalore,12.9716,77.5946,79,144,24,226,13,15,2026-04-01 15:18:08.512135
Bangalore,12.9716,77.5946,51,34,46,263,19,48,2026-04-01 14:18:08.512141
Bangalore,12.9716,77.5946,36,33,19,396,22,38,2026-04-01 13:18:08.512148
Bangalore,12.9716,77.5946,90,81,25,119,29,12,2026-04-01 12:18:08.512153
Bangalore,12.9716,77.5946,113,91,32,343,14,47,2026-04-01 11:18:08.512159
Bangalore,12.9716,77.5946,41,63,8,175,27,46,2026-04-01 10:18:08.512165
Bangalore,12.9716,77.5946,32,120,37,165,22,57,2026-04-01 09:18:08.512170
Bangalore,12.9716,77.5946,50,34,9,398,30,73,2026-04-01 08:18:08.512176
Bangalore,12.9716,77.5946,79,31,13,146,5,76,2026-04-01 07:18:08.512182
Bangalore,12.9716,77.5946,42,52,15,182,27,68,2026-04-01 06:18:08.512188
Bangalore,12.9716,77.5946,79,71,15,100,12,58,2026-04-01 05:18:08.512196
Bangalore,12.9716,77.5946,100,54,10,364,29,38,2026-04-01 04:18:08.512202
Bangalore,12.9716,77.5946,20,124,14,114,22,15,2026-04-01 03:18:08.512209
Bangalore,12.9716,77.5946,94,112,18,203,9,45,2026-04-01 02:18:08.512216
Bangalore,12.9716,77.5946,48,72,11,246,9,41,2026-04-01 01:18:08.512223
Bangalore,12.9716,77.5946,34,131,49,343,27,74,2026-04-01 00:18:08.512230
Bangalore,12.9716,77.5946,116,79,35,259,7,73,2026-03-31 23:18:08.512238
Bangalore,12.9716,77.5946,27,51,22,293,11,40,2026-03-31 22:18:08.512245
Bangalore,12.9716,77.5946,27,68,7,318,11,66,2026-03-31 21:18:08.512253
Bangalore,12.9716,77.5946,27,118,32,107,12,35,2026-03-31 20:18:08.512261
Bangalore,12.9716,77.5946,119,63,35,187,3,29,2026-03-31 19:18:08.512268
Bangalore,12.9716,77.5946,102,148,6,228,24,35,2026-03-31 18:18:08.512275
Bangalore,12.9716,77.5946,39,148,46,188,26,63,2026-03-31 17:18:08.512282
Bangalore,12.9716,77.5946,53,46,5,128,20,14,2026-03-31 16:18:08.512289
Bangalore,12.9716,77.5946,69,136,43,100,2,72,2026-03-31 15:18:08.512296
Bangalore,12.9716,77.5946,36,76,39,394,23,79,2026-03-31 14:18:08.512302
Bangalore,12.9716,77.5946,71,123,8,179,19,41,2026-03-31 13:18:08.512308
Bangalore,12.9716,77.5946,74,49,19,279,8,13,2026-03-31 12:18:08.512314
Bangalore,12.9716,77.5946,105,116,27,360,3,49,2026-03-31 11:18:08.512320
Bangalore,12.9716,77.5946,103,65,47,349,5,15,2026-03-31 10:18:08.512326
Bangalore,12.9716,77.5946,69,38,32,201,9,77,2026-03-31 09:18:08.512331
Bangalore,12.9716,77.5946,40,118,14,208,2,48,2026-03-31 08:18:08.512338
Bangalore,12.9716,77.5946,51,73,49,284,3,39,2026-03-31 07:18:08.512344
Bangalore,12.9716,77.5946,73,102,10,225,11,43,2026-03-31 06:18:08.512351
Bangalore,12.9716,77.5946,29,120,22,129,27,19,2026-03-31 05:18:08.512358
Bangalore,12.9716,77.5946,79,131,13,397,7,54,2026-03-31 04:18:08.512365
Bangalore,12.9716,77.5946,81,110,44,261,28,44,2026-03-31 03:18:08.512372
Bangalore,12.9716,77.5946,62,148,41,289,24,80,2026-03-31 02:18:08.512379
Bangalore,12.9716,77.5946,43,121,13,118,17,18,2026-03-31 01:18:08.512385
Bangalore,12.9716,77.5946,39,74,22,131,26,49,2026-03-31 00:18:08.512393
Bangalore,12.9716,77.5946,39,49,13,294,27,64,2026-03-30 23:18:08.512401
Bangalore,12.9716,77.5946,35,133,29,192,26,47,2026-03-30 22:18:08.512408
Bangalore,12.9716,77.5946,80,33,48,242,22,71,2026-03-30 21:18:08.512415
Bangalore,12.9716,77.5946,118,105,11,190,22,60,2026-03-30 20:18:08.512422
Bangalore,12.9716,77.5946,71,147,7,280,10,63,2026-03-30 19:18:08.512429
Bangalore,12.9716,77.5946,47,60,47,152,26,74,2026-03-30 18:18:08.512436
Bangalore,12.9716,77.5946,94,60,32,256,30,72,2026-03-30 17:18:08.512443
Bangalore,12.9716,77.5946,100,44,24,183,3,25,2026-03-30 16:18:08.512450
Bangalore,12.9716,77.5946,22,121,9,281,28,75,2026-03-30 15:18:08.512456
Bangalore,12.9716,77.5946,77,148,37,341,2,22,2026-03-30 14:18:08.512462
Bangalore,12.9716,77.5946,48,120,22,399,21,10,2026-03-30 13:18:08.512468
Bangalore,12.9716,77.5946,105,110,21,339,28,53,2026-03-30 12:18:08.512485
Bangalore,12.9716,77.5946,63,113,49,243,13,19,2026-03-30 11:18:08.512491
Bangalore,12.9716,77.5946,28,46,43,140,9,74,2026-03-30 10:18:08.512498
Bangalore,12.9716,77.5946,77,79,17,132,16,61,2026-03-30 09:18:08.512504
Bangalore,12.9716,77.5946,52,125,44,187,20,27,2026-03-30 08:18:08.512511
Bangalore,12.9716,77.5946,95,64,13,170,9,20,2026-03-30 07:18:08.512518
Bangalore,12.9716,77.5946,71,149,14,353,18,18,2026-03-30 06:18:08.512525
Bangalore,12.9716,77.5946,52,47,41,205,29,41,2026-03-30 05:18:08.512534
Bangalore,12.9716,77.5946,75,55,10,281,8,18,2026-03-30 04:18:08.512540
Bangalore,12.9716,77.5946,113,121,45,176,7,10,2026-03-30 03:18:08.512551
Bangalore,12.9716,77.5946,120,149,18,281,13,57,2026-03-30 02:18:08.512558
Bangalore,12.9716,77.5946,117,143,43,273,12,45,2026-03-30 01:18:08.512565
Bangalore,12.9716,77.5946,42,109,8,235,6,18,2026-03-30 00:18:08.512572
Bangalore,12.9716,77.5946,113,30,20,229,22,47,2026-03-29 23:18:08.512579
Bangalore,12.9716,77.5946,90,144,49,171,9,32,2026-03-29 22:18:08.512586
Bangalore,12.9716,77.5946,98,124,50,309,12,48,2026-03-29 21:18:08.512593
Bangalore,12.9716,77.5946,26,43,19,297,7,45,2026-03-29 20:18:08.512600
Bangalore,12.9716,77.5946,38,103,27,241,8,55,2026-03-29 19:18:08.512607
Bangalore,12.9716,77.5946,88,55,49,237,6,47,2026-03-29 18:18:08.512613
Bangalore,12.9716,77.5946,79,74,16,365,29,11,2026-03-29 17:18:08.512619
Bangalore,12.9716,77.5946,42,38,25,126,11,38,2026-03-29 16:18:08.512626
Bangalore,12.9716,77.5946,118,107,25,210,26,46,2026-03-29 15:18:08.512632
Bangalore,12.9716,77.5946,31,133,17,111,8,35,2026-03-29 14:18:08.512638
Bangalore,12.9716,77.5946,69,99,19,335,25,17,2026-03-29 13:18:08.512644
Bangalore,12.9716,77.5946,103,97,13,202,9,44,2026-03-29 12:18:08.512650
Bangalore,12.9716,77.5946,66,54,26,367,14,18,2026-03-29 11:18:08.512656
Bangalore,12.9716,77.5946,74,116,17,201,22,50,2026-03-29 10:18:08.512666
Bangalore,12.9716,77.5946,38,62,29,262,9,19,2026-03-29 09:18:08.512683
Bangalore,12.9716,77.5946,38,128,15,380,19,58,2026-03-29 08:18:08.512690
Bangalore,12.9716,77.5946,112,86,36,349,12,22,2026-03-29 07:18:08.512697
Bangalore,12.9716,77.5946,39,113,11,385,27,14,2026-03-29 06:18:08.512704
Bangalore,12.9716,77.5946,69,136,6,243,12,51,2026-03-29 05:18:08.512710
Bangalore,12.9716,77.5946,71,34,25,203,19,32,2026-03-29 04:18:08.512717
Bangalore,12.9716,77.5946,59,50,24,162,24,70,2026-03-29 03:18:08.512724
Bangalore,12.9716,77.5946,116,44,24,208,8,75,2026-03-29 02:18:08.512730
Bangalore,12.9716,77.5946,60,96,32,380,4,68,2026-03-29 01:18:08.512737
Bangalore,12.9716,77.5946,50,94,37,310,23,56,2026-03-29 00:18:08.512743
Bangalore,12.9716,77.5946,81,150,17,389,18,21,2026-03-28 23:18:08.512750
Bangalore,12.9716,77.5946,112,101,31,359,11,72,2026-03-28 22:18:08.512758
Bangalore,12.9716,77.5946,73,61,25,111,13,71,2026-03-28 21:18:08.512765
Bangalore,12.9716,77.5946,68,113,31,212,7,78,2026-03-28 20:18:08.512771
Bangalore,12.9716,77.5946,30,33,41,352,7,41,2026-03-28 19:18:08.512777
Bangalore,12.9716,77.5946,20,148,34,195,20,57,2026-03-28 18:18:08.512783
Bangalore,12.9716,77.5946,93,82,14,377,7,54,2026-03-28 17:18:08.512789
Bangalore,12.9716,77.5946,43,122,42,328,16,60,2026-03-28 16:18:08.512796
Bangalore,12.9716,77.5946,100,83,45,156,23,72,2026-03-28 15:18:08.512801
Bangalore,12.9716,77.5946,53,60,40,385,12,11,2026-03-28 14:18:08.512809
Bangalore,12.9716,77.5946,113,126,6,184,24,74,2026-03-28 13:18:08.512816
Bangalore,12.9716,77.5946,102,91,33,329,3,37,2026-03-28 12:18:08.512822
Bangalore,12.9716,77.5946,65,64,25,248,17,73,2026-03-28 11:18:08.512829
Bangalore,12.9716,77.5946,67,68,43,362,7,28,2026-03-28 10:18:08.512838
Bangalore,12.9716,77.5946,22,107,49,178,8,76,2026-03-28 09:18:08.512844
Bangalore,12.9716,77.5946,101,61,45,204,3,10,2026-03-28 08:18:08.512851
Bangalore,12.9716,77.5946,106,44,5,264,26,40,2026-03-28 07:18:08.512858
Bangalore,12.9716,77.5946,32,49,16,148,23,13,2026-03-28 06:18:08.512865
Bangalore,12.9716,77.5946,56,80,47,144,19,60,2026-03-28 05:18:08.512872
Bangalore,12.9716,77.5946,62,127,20,390,8,32,2026-03-28 04:18:08.512878
Bangalore,12.9716,77.5946,56,40,29,219,12,61,2026-03-28 03:18:08.512885
Bangalore,12.9716,77.5946,52,87,38,310,6,41,2026-03-28 02:18:08.512892
Bangalore,12.9716,77.5946,91,96,37,120,25,12,2026-03-28 01:18:08.512899
Bangalore,12.9716,77.5946,79,109,46,306,16,72,2026-03-28 00:18:08.512905
